merchant_id,date,portions_sold,revenue,day_of_week,is_holiday,weather_code,surplus_kg
08820f15-2c6b-4aab-9fb4-7664984d952e,2026-05-31,82,1945890.0,6,False,1,2.397
08820f15-2c6b-4aab-9fb4-7664984d952e,2026-06-01,70,1661126.0,0,True,0,0.0
08820f15-2c6b-4aab-9fb4-7664984d952e,2026-06-02,78,1850969.0,1,False,1,0.0
08820f15-2c6b-4aab-9fb4-7664984d952e,2026-06-03,82,1945890.0,2,False,0,0.0
08820f15-2c6b-4aab-9fb4-7664984d952e,2026-06-04,82,1945890.0,3,False,1,0.833
08820f15-2c6b-4aab-9fb4-7664984d952e,2026-06-05,93,2206924.0,4,False,1,0.938
08820f15-2c6b-4aab-9fb4-7664984d952e,2026-06-06,92,2183194.0,5,False,0,3.64
08820f15-2c6b-4aab-9fb4-7664984d952e,2026-06-07,73,1732317.0,6,False,1,4.261
08820f15-2c6b-4aab-9fb4-7664984d952e,2026-06-08,55,1305170.0,0,False,0,2.867
08820f15-2c6b-4aab-9fb4-7664984d952e,2026-06-09,59,1400092.0,1,False,0,3.658
08820f15-2c6b-4aab-9fb4-7664984d952e,2026-06-10,73,1732317.0,2,False,0,1.848
08820f15-2c6b-4aab-9fb4-7664984d952e,2026-06-11,72,1708587.0,3,False,2,2.811
08820f15-2c6b-4aab-9fb4-7664984d952e,2026-06-12,76,1803508.0,4,False,3,4.464
08820f15-2c6b-4aab-9fb4-7664984d952e,2026-06-13,95,2254385.0,5,False,2,3.068
08820f15-2c6b-4aab-9fb4-7664984d952e,2026-06-14,81,1922160.0,6,False,3,2.689
08820f15-2c6b-4aab-9fb4-7664984d952e,2026-06-15,65,1542474.0,0,False,0,0.989
08820f15-2c6b-4aab-9fb4-7664984d952e,2026-06-16,70,1661126.0,1,True,3,1.565
08820f15-2c6b-4aab-9fb4-7664984d952e,2026-06-17,73,1732317.0,2,False,2,1.772
08820f15-2c6b-4aab-9fb4-7664984d952e,2026-06-18,72,1708587.0,3,False,2,2.847
08820f15-2c6b-4aab-9fb4-7664984d952e,2026-06-19,86,2040812.0,4,False,2,2.49
08820f15-2c6b-4aab-9fb4-7664984d952e,2026-06-20,84,1993351.0,5,False,1,5.366
08820f15-2c6b-4aab-9fb4-7664984d952e,2026-06-21,79,1874699.0,6,False,3,3.115
08820f15-2c6b-4aab-9fb4-7664984d952e,2026-06-22,56,1328901.0,0,False,0,2.614
08820f15-2c6b-4aab-9fb4-7664984d952e,2026-06-23,64,1518744.0,1,False,2,2.73
08820f15-2c6b-4aab-9fb4-7664984d952e,2026-06-24,73,1732317.0,2,False,0,1.831
08820f15-2c6b-4aab-9fb4-7664984d952e,2026-06-25,86,2040812.0,3,False,0,0.0
08820f15-2c6b-4aab-9fb4-7664984d952e,2026-06-26,98,2325576.0,4,False,2,0.0
08820f15-2c6b-4aab-9fb4-7664984d952e,2026-06-27,102,2420498.0,5,False,0,1.76
08820f15-2c6b-4aab-9fb4-7664984d952e,2026-06-28,91,2159464.0,6,False,2,0.713
08820f15-2c6b-4aab-9fb4-7664984d952e,2026-06-29,55,1305170.0,0,False,3,2.829
08820f15-2c6b-4aab-9fb4-7664984d952e,2026-06-30,70,1661126.0,1,False,1,1.594
08820f15-2c6b-4aab-9fb4-7664984d952e,2026-07-01,75,1779778.0,2,False,2,1.274
08820f15-2c6b-4aab-9fb4-7664984d952e,2026-07-02,82,1945890.0,3,False,0,0.862
08820f15-2c6b-4aab-9fb4-7664984d952e,2026-07-03,78,1850969.0,4,False,0,4.006
08820f15-2c6b-4aab-9fb4-7664984d952e,2026-07-04,101,2396767.0,5,False,0,1.929
08820f15-2c6b-4aab-9fb4-7664984d952e,2026-07-05,93,2206924.0,6,False,1,0.289
08820f15-2c6b-4aab-9fb4-7664984d952e,2026-07-06,61,1447552.0,0,False,0,1.664
08820f15-2c6b-4aab-9fb4-7664984d952e,2026-07-07,52,1233979.0,1,False,0,5.245
08820f15-2c6b-4aab-9fb4-7664984d952e,2026-07-08,65,1542474.0,2,False,1,3.273
08820f15-2c6b-4aab-9fb4-7664984d952e,2026-07-09,54,1281440.0,3,False,3,6.407
08820f15-2c6b-4aab-9fb4-7664984d952e,2026-07-10,85,2017081.0,4,False,2,2.59
08820f15-2c6b-4aab-9fb4-7664984d952e,2026-07-11,90,2135733.0,5,False,3,4.166
08820f15-2c6b-4aab-9fb4-7664984d952e,2026-07-12,78,1850969.0,6,False,3,3.124
08820f15-2c6b-4aab-9fb4-7664984d952e,2026-07-13,59,1400092.0,0,False,0,2.126
08820f15-2c6b-4aab-9fb4-7664984d952e,2026-07-14,71,1684856.0,1,False,0,1.394
08820f15-2c6b-4aab-9fb4-7664984d952e,2026-07-15,72,1708587.0,2,False,1,1.936
08820f15-2c6b-4aab-9fb4-7664984d952e,2026-07-16,73,1732317.0,3,False,0,2.536
08820f15-2c6b-4aab-9fb4-7664984d952e,2026-07-17,92,2183194.0,4,False,2,1.319
08820f15-2c6b-4aab-9fb4-7664984d952e,2026-07-18,90,2135733.0,5,False,0,4.121
08820f15-2c6b-4aab-9fb4-7664984d952e,2026-07-19,77,1827238.0,6,False,1,3.368
08820f15-2c6b-4aab-9fb4-7664984d952e,2026-07-20,54,1281440.0,0,False,3,3.091
08820f15-2c6b-4aab-9fb4-7664984d952e,2026-07-21,63,1495013.0,1,False,2,2.934
08820f15-2c6b-4aab-9fb4-7664984d952e,2026-07-22,56,1328901.0,2,False,3,5.136
08820f15-2c6b-4aab-9fb4-7664984d952e,2026-07-23,80,1898429.0,3,False,1,1.226
08820f15-2c6b-4aab-9fb4-7664984d952e,2026-07-24,82,1945890.0,4,False,1,3.277
08820f15-2c6b-4aab-9fb4-7664984d952e,2026-07-25,81,1922160.0,5,False,3,5.883
08820f15-2c6b-4aab-9fb4-7664984d952e,2026-07-26,85,2017081.0,6,False,0,1.897
08820f15-2c6b-4aab-9fb4-7664984d952e,2026-07-27,70,1661126.0,0,False,1,0.0
08820f15-2c6b-4aab-9fb4-7664984d952e,2026-07-28,78,1850969.0,1,False,0,0.0
08820f15-2c6b-4aab-9fb4-7664984d952e,2026-07-29,69,1637395.0,2,False,3,2.491
08820f15-2c6b-4aab-9fb4-7664984d952e,2026-07-30,82,1945890.0,3,False,1,0.721
08820f15-2c6b-4aab-9fb4-7664984d952e,2026-07-31,85,2017081.0,4,False,3,2.656
08820f15-2c6b-4aab-9fb4-7664984d952e,2026-08-01,110,2610341.0,5,False,0,0.154
08820f15-2c6b-4aab-9fb4-7664984d952e,2026-08-02,86,2040812.0,6,False,3,1.522
08820f15-2c6b-4aab-9fb4-7664984d952e,2026-08-03,62,1471283.0,0,False,2,1.556
08820f15-2c6b-4aab-9fb4-7664984d952e,2026-08-04,78,1850969.0,1,False,1,0.0
08820f15-2c6b-4aab-9fb4-7664984d952e,2026-08-05,78,1850969.0,2,False,0,0.728
08820f15-2c6b-4aab-9fb4-7664984d952e,2026-08-06,65,1542474.0,3,False,0,4.207
08820f15-2c6b-4aab-9fb4-7664984d952e,2026-08-07,70,1661126.0,4,False,3,5.681
08820f15-2c6b-4aab-9fb4-7664984d952e,2026-08-08,92,2183194.0,5,False,0,3.732
08820f15-2c6b-4aab-9fb4-7664984d952e,2026-08-09,70,1661126.0,6,False,0,4.745
08820f15-2c6b-4aab-9fb4-7664984d952e,2026-08-10,45,1067867.0,0,False,3,4.838
08820f15-2c6b-4aab-9fb4-7664984d952e,2026-08-11,58,1376361.0,1,False,0,3.971
08820f15-2c6b-4aab-9fb4-7664984d952e,2026-08-12,65,1542474.0,2,False,0,3.423
08820f15-2c6b-4aab-9fb4-7664984d952e,2026-08-13,79,1874699.0,3,False,0,1.363
08820f15-2c6b-4aab-9fb4-7664984d952e,2026-08-14,88,2088272.0,4,False,0,2.13
08820f15-2c6b-4aab-9fb4-7664984d952e,2026-08-15,108,2562880.0,5,False,2,0.502
08820f15-2c6b-4aab-9fb4-7664984d952e,2026-08-16,70,1661126.0,6,False,0,4.793
08820f15-2c6b-4aab-9fb4-7664984d952e,2026-08-17,57,1352631.0,0,True,2,2.425
08820f15-2c6b-4aab-9fb4-7664984d952e,2026-08-18,59,1400092.0,1,False,0,3.648
08820f15-2c6b-4aab-9fb4-7664984d952e,2026-08-19,72,1708587.0,2,False,1,1.874
08820f15-2c6b-4aab-9fb4-7664984d952e,2026-08-20,82,1945890.0,3,False,1,0.783
08820f15-2c6b-4aab-9fb4-7664984d952e,2026-08-21,72,1708587.0,4,False,0,5.223
08820f15-2c6b-4aab-9fb4-7664984d952e,2026-08-22,95,2254385.0,5,False,1,3.011
08820f15-2c6b-4aab-9fb4-7664984d952e,2026-08-23,84,1993351.0,6,False,1,2.071
08820f15-2c6b-4aab-9fb4-7664984d952e,2026-08-24,58,1376361.0,0,False,0,2.217
08820f15-2c6b-4aab-9fb4-7664984d952e,2026-08-25,78,1850969.0,1,True,1,0.0
08820f15-2c6b-4aab-9fb4-7664984d952e,2026-08-26,72,1708587.0,2,False,3,1.936
08820f15-2c6b-4aab-9fb4-7664984d952e,2026-08-27,80,1898429.0,3,False,3,1.233
08820f15-2c6b-4aab-9fb4-7664984d952e,2026-08-28,81,1922160.0,4,False,3,3.355
16434861-9af1-480f-b1d7-0dda3b0d2226,2026-05-31,208,5172208.0,6,False,0,0.0
16434861-9af1-480f-b1d7-0dda3b0d2226,2026-06-01,154,3829423.0,0,True,0,0.0
16434861-9af1-480f-b1d7-0dda3b0d2226,2026-06-02,172,4277018.0,1,False,0,0.0
16434861-9af1-480f-b1d7-0dda3b0d2226,2026-06-03,181,4500816.0,2,False,0,0.0
16434861-9af1-480f-b1d7-0dda3b0d2226,2026-06-04,190,4724613.0,3,False,0,0.0
16434861-9af1-480f-b1d7-0dda3b0d2226,2026-06-05,217,5396005.0,4,False,0,0.0
16434861-9af1-480f-b1d7-0dda3b0d2226,2026-06-06,187,4650014.0,5,False,3,19.928
16434861-9af1-480f-b1d7-0dda3b0d2226,2026-06-07,206,5122475.0,6,False,1,0.617
16434861-9af1-480f-b1d7-0dda3b0d2226,2026-06-08,154,3829423.0,0,False,0,0.0
16434861-9af1-480f-b1d7-0dda3b0d2226,2026-06-09,164,4078087.0,1,False,1,2.848
16434861-9af1-480f-b1d7-0dda3b0d2226,2026-06-10,181,4500816.0,2,False,2,0.0
16434861-9af1-480f-b1d7-0dda3b0d2226,2026-06-11,170,4227285.0,3,False,0,6.772
16434861-9af1-480f-b1d7-0dda3b0d2226,2026-06-12,217,5396005.0,4,False,1,0.0
16434861-9af1-480f-b1d7-0dda3b0d2226,2026-06-13,238,5918199.0,5,False,1,1.934
16434861-9af1-480f-b1d7-0dda3b0d2226,2026-06-14,208,5172208.0,6,False,1,0.0
16434861-9af1-480f-b1d7-0dda3b0d2226,2026-06-15,144,3580759.0,0,False,0,3.236
16434861-9af1-480f-b1d7-0dda3b0d2226,2026-06-16,172,4277018.0,1,True,0,0.0
16434861-9af1-480f-b1d7-0dda3b0d2226,2026-06-17,179,4451083.0,2,False,0,0.525
16434861-9af1-480f-b1d7-0dda3b0d2226,2026-06-18,177,4401350.0,3,False,1,4.362
16434861-9af1-480f-b1d7-0dda3b0d2226,2026-06-19,206,5122475.0,4,False,1,3.868
16434861-9af1-480f-b1d7-0dda3b0d2226,2026-06-20,244,6067398.0,5,False,0,0.0
16434861-9af1-480f-b1d7-0dda3b0d2226,2026-06-21,208,5172208.0,6,False,1,0.0
16434861-9af1-480f-b1d7-0dda3b0d2226,2026-06-22,139,3456427.0,0,False,0,4.944
16434861-9af1-480f-b1d7-0dda3b0d2226,2026-06-23,160,3978621.0,1,False,0,4.201
16434861-9af1-480f-b1d7-0dda3b0d2226,2026-06-24,179,4451083.0,2,False,0,0.478
16434861-9af1-480f-b1d7-0dda3b0d2226,2026-06-25,190,4724613.0,3,False,1,0.0
16434861-9af1-480f-b1d7-0dda3b0d2226,2026-06-26,217,5396005.0,4,False,1,0.0
16434861-9af1-480f-b1d7-0dda3b0d2226,2026-06-27,239,5943066.0,5,False,1,1.841
16434861-9af1-480f-b1d7-0dda3b0d2226,2026-06-28,192,4774346.0,6,False,0,5.465
16434861-9af1-480f-b1d7-0dda3b0d2226,2026-06-29,154,3829423.0,0,False,0,0.0
16434861-9af1-480f-b1d7-0dda3b0d2226,2026-06-30,172,4277018.0,1,False,2,0.0
16434861-9af1-480f-b1d7-0dda3b0d2226,2026-07-01,161,4003488.0,2,False,3,6.952
16434861-9af1-480f-b1d7-0dda3b0d2226,2026-07-02,181,4500816.0,3,False,3,2.997
16434861-9af1-480f-b1d7-0dda3b0d2226,2026-07-03,217,5396005.0,4,False,2,0.0
16434861-9af1-480f-b1d7-0dda3b0d2226,2026-07-04,244,6067398.0,5,False,0,0.0
16434861-9af1-480f-b1d7-0dda3b0d2226,2026-07-05,208,5172208.0,6,False,2,0.0
16434861-9af1-480f-b1d7-0dda3b0d2226,2026-07-06,151,3754824.0,0,False,2,1.059
16434861-9af1-480f-b1d7-0dda3b0d2226,2026-07-07,172,4277018.0,1,False,1,0.0
16434861-9af1-480f-b1d7-0dda3b0d2226,2026-07-08,178,4426216.0,2,False,0,0.798
16434861-9af1-480f-b1d7-0dda3b0d2226,2026-07-09,182,4525682.0,3,False,0,2.774
16434861-9af1-480f-b1d7-0dda3b0d2226,2026-07-10,217,5396005.0,4,False,0,0.0
16434861-9af1-480f-b1d7-0dda3b0d2226,2026-07-11,244,6067398.0,5,False,1,0.0
16434861-9af1-480f-b1d7-0dda3b0d2226,2026-07-12,208,5172208.0,6,False,2,0.0
16434861-9af1-480f-b1d7-0dda3b0d2226,2026-07-13,150,3729958.0,0,False,0,1.079
16434861-9af1-480f-b1d7-0dda3b0d2226,2026-07-14,172,4277018.0,1,False,0,0.0
16434861-9af1-480f-b1d7-0dda3b0d2226,2026-07-15,170,4227285.0,2,False,0,3.67
16434861-9af1-480f-b1d7-0dda3b0d2226,2026-07-16,190,4724613.0,3,False,1,0.0
16434861-9af1-480f-b1d7-0dda3b0d2226,2026-07-17,207,5147341.0,4,False,0,3.565
16434861-9af1-480f-b1d7-0dda3b0d2226,2026-07-18,218,5420872.0,5,False,1,9.114
16434861-9af1-480f-b1d7-0dda3b0d2226,2026-07-19,188,4674880.0,6,False,1,6.951
16434861-9af1-480f-b1d7-0dda3b0d2226,2026-07-20,154,3829423.0,0,False,0,0.0
16434861-9af1-480f-b1d7-0dda3b0d2226,2026-07-21,172,4277018.0,1,False,0,0.0
16434861-9af1-480f-b1d7-0dda3b0d2226,2026-07-22,169,4202419.0,2,False,0,3.927
16434861-9af1-480f-b1d7-0dda3b0d2226,2026-07-23,170,4227285.0,3,False,3,6.745
16434861-9af1-480f-b1d7-0dda3b0d2226,2026-07-24,196,4873811.0,4,False,3,7.306
16434861-9af1-480f-b1d7-0dda3b0d2226,2026-07-25,244,6067398.0,5,False,1,0.0
16434861-9af1-480f-b1d7-0dda3b0d2226,2026-07-26,191,4749479.0,6,False,0,5.744
16434861-9af1-480f-b1d7-0dda3b0d2226,2026-07-27,154,3829423.0,0,False,0,0.0
16434861-9af1-480f-b1d7-0dda3b0d2226,2026-07-28,170,4227285.0,1,False,3,0.539
16434861-9af1-480f-b1d7-0dda3b0d2226,2026-07-29,181,4500816.0,2,False,0,0.0
16434861-9af1-480f-b1d7-0dda3b0d2226,2026-07-30,190,4724613.0,3,False,2,0.0
16434861-9af1-480f-b1d7-0dda3b0d2226,2026-07-31,217,5396005.0,4,False,2,0.0
16434861-9af1-480f-b1d7-0dda3b0d2226,2026-08-01,244,6067398.0,5,False,1,0.0
16434861-9af1-480f-b1d7-0dda3b0d2226,2026-08-02,208,5172208.0,6,False,1,0.0
16434861-9af1-480f-b1d7-0dda3b0d2226,2026-08-03,154,3829423.0,0,False,0,0.0
16434861-9af1-480f-b1d7-0dda3b0d2226,2026-08-04,172,4277018.0,1,False,0,0.0
16434861-9af1-480f-b1d7-0dda3b0d2226,2026-08-05,161,4003488.0,2,False,3,6.786
16434861-9af1-480f-b1d7-0dda3b0d2226,2026-08-06,172,4277018.0,3,False,0,6.311
16434861-9af1-480f-b1d7-0dda3b0d2226,2026-08-07,213,5296540.0,4,False,0,1.479
16434861-9af1-480f-b1d7-0dda3b0d2226,2026-08-08,219,5445738.0,5,False,1,8.693
16434861-9af1-480f-b1d7-0dda3b0d2226,2026-08-09,208,5172208.0,6,False,1,0.0
16434861-9af1-480f-b1d7-0dda3b0d2226,2026-08-10,144,3580759.0,0,False,2,3.297
16434861-9af1-480f-b1d7-0dda3b0d2226,2026-08-11,155,3854290.0,1,False,0,5.906
16434861-9af1-480f-b1d7-0dda3b0d2226,2026-08-12,156,3879156.0,2,False,1,8.49
16434861-9af1-480f-b1d7-0dda3b0d2226,2026-08-13,189,4699747.0,3,False,0,0.36
16434861-9af1-480f-b1d7-0dda3b0d2226,2026-08-14,189,4699747.0,4,False,2,9.768
16434861-9af1-480f-b1d7-0dda3b0d2226,2026-08-15,244,6067398.0,5,False,1,0.0
16434861-9af1-480f-b1d7-0dda3b0d2226,2026-08-16,188,4674880.0,6,False,0,6.89
16434861-9af1-480f-b1d7-0dda3b0d2226,2026-08-17,154,3829423.0,0,True,1,0.0
16434861-9af1-480f-b1d7-0dda3b0d2226,2026-08-18,172,4277018.0,1,False,1,0.0
16434861-9af1-480f-b1d7-0dda3b0d2226,2026-08-19,181,4500816.0,2,False,2,0.0
16434861-9af1-480f-b1d7-0dda3b0d2226,2026-08-20,170,4227285.0,3,False,1,6.831
16434861-9af1-480f-b1d7-0dda3b0d2226,2026-08-21,204,5072742.0,4,False,2,4.358
16434861-9af1-480f-b1d7-0dda3b0d2226,2026-08-22,225,5594936.0,5,False,0,6.65
16434861-9af1-480f-b1d7-0dda3b0d2226,2026-08-23,186,4625147.0,6,False,1,7.784
16434861-9af1-480f-b1d7-0dda3b0d2226,2026-08-24,150,3729958.0,0,False,1,1.2
16434861-9af1-480f-b1d7-0dda3b0d2226,2026-08-25,172,4277018.0,1,True,1,0.0
16434861-9af1-480f-b1d7-0dda3b0d2226,2026-08-26,181,4500816.0,2,False,0,0.0
16434861-9af1-480f-b1d7-0dda3b0d2226,2026-08-27,190,4724613.0,3,False,0,0.0
16434861-9af1-480f-b1d7-0dda3b0d2226,2026-08-28,217,5396005.0,4,False,1,0.0
242f8acd-70bd-40df-8dbd-6fa8fd2d74bd,2026-05-31,148,4031463.0,6,False,1,0.0
242f8acd-70bd-40df-8dbd-6fa8fd2d74bd,2026-06-01,109,2969118.0,0,True,2,0.0
242f8acd-70bd-40df-8dbd-6fa8fd2d74bd,2026-06-02,115,3132556.0,1,False,3,2.698
242f8acd-70bd-40df-8dbd-6fa8fd2d74bd,2026-06-03,129,3513910.0,2,False,0,0.0
242f8acd-70bd-40df-8dbd-6fa8fd2d74bd,2026-06-04,135,3677348.0,3,False,0,0.0
242f8acd-70bd-40df-8dbd-6fa8fd2d74bd,2026-06-05,146,3976984.0,4,False,3,3.001
242f8acd-70bd-40df-8dbd-6fa8fd2d74bd,2026-06-06,146,3976984.0,5,False,0,9.596
242f8acd-70bd-40df-8dbd-6fa8fd2d74bd,2026-06-07,132,3595629.0,6,False,1,5.457
242f8acd-70bd-40df-8dbd-6fa8fd2d74bd,2026-06-08,85,2315367.0,0,False,3,8.39
242f8acd-70bd-40df-8dbd-6fa8fd2d74bd,2026-06-09,111,3023597.0,1,False,0,3.957
242f8acd-70bd-40df-8dbd-6fa8fd2d74bd,2026-06-10,122,3323233.0,2,False,1,2.419
242f8acd-70bd-40df-8dbd-6fa8fd2d74bd,2026-06-11,103,2805680.0,3,False,0,11.239
242f8acd-70bd-40df-8dbd-6fa8fd2d74bd,2026-06-12,155,4222140.0,4,False,0,0.0
242f8acd-70bd-40df-8dbd-6fa8fd2d74bd,2026-06-13,142,3868025.0,5,False,3,10.969
242f8acd-70bd-40df-8dbd-6fa8fd2d74bd,2026-06-14,134,3650108.0,6,False,1,4.936
242f8acd-70bd-40df-8dbd-6fa8fd2d74bd,2026-06-15,109,2969118.0,0,False,0,0.0
242f8acd-70bd-40df-8dbd-6fa8fd2d74bd,2026-06-16,122,3323233.0,1,True,1,0.0
242f8acd-70bd-40df-8dbd-6fa8fd2d74bd,2026-06-17,129,3513910.0,2,False,0,0.0
242f8acd-70bd-40df-8dbd-6fa8fd2d74bd,2026-06-18,135,3677348.0,3,False,2,0.0
242f8acd-70bd-40df-8dbd-6fa8fd2d74bd,2026-06-19,142,3868025.0,4,False,1,4.267
242f8acd-70bd-40df-8dbd-6fa8fd2d74bd,2026-06-20,174,4739693.0,5,False,0,0.0
242f8acd-70bd-40df-8dbd-6fa8fd2d74bd,2026-06-21,136,3704588.0,6,False,1,4.091
242f8acd-70bd-40df-8dbd-6fa8fd2d74bd,2026-06-22,108,2941878.0,0,False,2,0.552
242f8acd-70bd-40df-8dbd-6fa8fd2d74bd,2026-06-23,122,3323233.0,1,False,0,0.0
242f8acd-70bd-40df-8dbd-6fa8fd2d74bd,2026-06-24,125,3404952.0,2,False,0,1.434
242f8acd-70bd-40df-8dbd-6fa8fd2d74bd,2026-06-25,135,3677348.0,3,False,1,0.0
242f8acd-70bd-40df-8dbd-6fa8fd2d74bd,2026-06-26,155,4222140.0,4,False,1,0.0
242f8acd-70bd-40df-8dbd-6fa8fd2d74bd,2026-06-27,163,4440057.0,5,False,1,3.707
242f8acd-70bd-40df-8dbd-6fa8fd2d74bd,2026-06-28,118,3214274.0,6,False,3,10.549
242f8acd-70bd-40df-8dbd-6fa8fd2d74bd,2026-06-29,104,2832920.0,0,False,1,1.805
242f8acd-70bd-40df-8dbd-6fa8fd2d74bd,2026-06-30,122,3323233.0,1,False,0,0.0
242f8acd-70bd-40df-8dbd-6fa8fd2d74bd,2026-07-01,124,3377712.0,2,False,1,1.606
242f8acd-70bd-40df-8dbd-6fa8fd2d74bd,2026-07-02,135,3677348.0,3,False,1,0.0
242f8acd-70bd-40df-8dbd-6fa8fd2d74bd,2026-07-03,155,4222140.0,4,False,0,0.0
242f8acd-70bd-40df-8dbd-6fa8fd2d74bd,2026-07-04,174,4739693.0,5,False,0,0.0
242f8acd-70bd-40df-8dbd-6fa8fd2d74bd,2026-07-05,148,4031463.0,6,False,2,0.0
242f8acd-70bd-40df-8dbd-6fa8fd2d74bd,2026-07-06,109,2969118.0,0,False,1,0.0
242f8acd-70bd-40df-8dbd-6fa8fd2d74bd,2026-07-07,111,3023597.0,1,False,1,4.026
242f8acd-70bd-40df-8dbd-6fa8fd2d74bd,2026-07-08,123,3350473.0,2,False,1,2.121
242f8acd-70bd-40df-8dbd-6fa8fd2d74bd,2026-07-09,131,3568389.0,3,False,1,1.634
242f8acd-70bd-40df-8dbd-6fa8fd2d74bd,2026-07-10,123,3350473.0,4,False,3,11.127
242f8acd-70bd-40df-8dbd-6fa8fd2d74bd,2026-07-11,166,4521776.0,5,False,0,2.771
242f8acd-70bd-40df-8dbd-6fa8fd2d74bd,2026-07-12,145,3949744.0,6,False,0,1.113
242f8acd-70bd-40df-8dbd-6fa8fd2d74bd,2026-07-13,104,2832920.0,0,False,2,1.816
242f8acd-70bd-40df-8dbd-6fa8fd2d74bd,2026-07-14,122,3323233.0,1,False,0,0.0
242f8acd-70bd-40df-8dbd-6fa8fd2d74bd,2026-07-15,128,3486671.0,2,False,0,0.12
242f8acd-70bd-40df-8dbd-6fa8fd2d74bd,2026-07-16,135,3677348.0,3,False,0,0.0
242f8acd-70bd-40df-8dbd-6fa8fd2d74bd,2026-07-17,155,4222140.0,4,False,1,0.0
242f8acd-70bd-40df-8dbd-6fa8fd2d74bd,2026-07-18,159,4331099.0,5,False,0,5.184
242f8acd-70bd-40df-8dbd-6fa8fd2d74bd,2026-07-19,128,3486671.0,6,False,3,7.084
242f8acd-70bd-40df-8dbd-6fa8fd2d74bd,2026-07-20,109,2969118.0,0,False,0,0.0
242f8acd-70bd-40df-8dbd-6fa8fd2d74bd,2026-07-21,122,3323233.0,1,False,2,0.0
242f8acd-70bd-40df-8dbd-6fa8fd2d74bd,2026-07-22,129,3513910.0,2,False,0,0.0
242f8acd-70bd-40df-8dbd-6fa8fd2d74bd,2026-07-23,122,3323233.0,3,False,3,4.505
242f8acd-70bd-40df-8dbd-6fa8fd2d74bd,2026-07-24,148,4031463.0,4,False,0,2.408
242f8acd-70bd-40df-8dbd-6fa8fd2d74bd,2026-07-25,168,4576255.0,5,False,3,1.988
242f8acd-70bd-40df-8dbd-6fa8fd2d74bd,2026-07-26,148,4031463.0,6,False,1,0.0
242f8acd-70bd-40df-8dbd-6fa8fd2d74bd,2026-07-27,109,2969118.0,0,False,0,0.0
242f8acd-70bd-40df-8dbd-6fa8fd2d74bd,2026-07-28,122,3323233.0,1,False,0,0.0
242f8acd-70bd-40df-8dbd-6fa8fd2d74bd,2026-07-29,117,3187035.0,2,False,1,3.976
242f8acd-70bd-40df-8dbd-6fa8fd2d74bd,2026-07-30,135,3677348.0,3,False,0,0.0
242f8acd-70bd-40df-8dbd-6fa8fd2d74bd,2026-07-31,143,3895265.0,4,False,1,4.114
242f8acd-70bd-40df-8dbd-6fa8fd2d74bd,2026-08-01,174,4739693.0,5,False,0,0.0
242f8acd-70bd-40df-8dbd-6fa8fd2d74bd,2026-08-02,148,4031463.0,6,False,0,0.0
242f8acd-70bd-40df-8dbd-6fa8fd2d74bd,2026-08-03,109,2969118.0,0,False,2,0.0
242f8acd-70bd-40df-8dbd-6fa8fd2d74bd,2026-08-04,122,3323233.0,1,False,0,0.0
242f8acd-70bd-40df-8dbd-6fa8fd2d74bd,2026-08-05,129,3513910.0,2,False,1,0.0
242f8acd-70bd-40df-8dbd-6fa8fd2d74bd,2026-08-06,135,3677348.0,3,False,0,0.0
242f8acd-70bd-40df-8dbd-6fa8fd2d74bd,2026-08-07,155,4222140.0,4,False,0,0.0
242f8acd-70bd-40df-8dbd-6fa8fd2d74bd,2026-08-08,143,3895265.0,5,False,1,10.821
242f8acd-70bd-40df-8dbd-6fa8fd2d74bd,2026-08-09,130,3541150.0,6,False,0,6.333
242f8acd-70bd-40df-8dbd-6fa8fd2d74bd,2026-08-10,107,2914639.0,0,False,0,0.972
242f8acd-70bd-40df-8dbd-6fa8fd2d74bd,2026-08-11,122,3323233.0,1,False,0,0.0
242f8acd-70bd-40df-8dbd-6fa8fd2d74bd,2026-08-12,129,3513910.0,2,False,1,0.0
242f8acd-70bd-40df-8dbd-6fa8fd2d74bd,2026-08-13,122,3323233.0,3,False,1,4.786
242f8acd-70bd-40df-8dbd-6fa8fd2d74bd,2026-08-14,127,3459431.0,4,False,0,9.684
242f8acd-70bd-40df-8dbd-6fa8fd2d74bd,2026-08-15,155,4222140.0,5,False,1,6.687
242f8acd-70bd-40df-8dbd-6fa8fd2d74bd,2026-08-16,123,3350473.0,6,False,3,8.856
242f8acd-70bd-40df-8dbd-6fa8fd2d74bd,2026-08-17,109,2969118.0,0,True,1,0.0
242f8acd-70bd-40df-8dbd-6fa8fd2d74bd,2026-08-18,122,3323233.0,1,False,1,0.0
242f8acd-70bd-40df-8dbd-6fa8fd2d74bd,2026-08-19,129,3513910.0,2,False,0,0.0
242f8acd-70bd-40df-8dbd-6fa8fd2d74bd,2026-08-20,125,3404952.0,3,False,1,3.484
242f8acd-70bd-40df-8dbd-6fa8fd2d74bd,2026-08-21,155,4222140.0,4,False,1,0.0
242f8acd-70bd-40df-8dbd-6fa8fd2d74bd,2026-08-22,174,4739693.0,5,False,1,0.0
242f8acd-70bd-40df-8dbd-6fa8fd2d74bd,2026-08-23,137,3731827.0,6,False,1,3.92
242f8acd-70bd-40df-8dbd-6fa8fd2d74bd,2026-08-24,107,2914639.0,0,False,1,0.795
242f8acd-70bd-40df-8dbd-6fa8fd2d74bd,2026-08-25,122,3323233.0,1,True,0,0.0
242f8acd-70bd-40df-8dbd-6fa8fd2d74bd,2026-08-26,129,3513910.0,2,False,1,0.0
242f8acd-70bd-40df-8dbd-6fa8fd2d74bd,2026-08-27,135,3677348.0,3,False,2,0.0
242f8acd-70bd-40df-8dbd-6fa8fd2d74bd,2026-08-28,152,4140421.0,4,False,2,0.708
2abf4576-d383-4e76-8609-51131597a45a,2026-05-31,60,832678.0,6,False,0,2.759
2abf4576-d383-4e76-8609-51131597a45a,2026-06-01,50,693899.0,0,True,1,0.0
2abf4576-d383-4e76-8609-51131597a45a,2026-06-02,53,735532.0,1,False,0,0.853
2abf4576-d383-4e76-8609-51131597a45a,2026-06-03,59,818800.0,2,False,0,0.0
2abf4576-d383-4e76-8609-51131597a45a,2026-06-04,62,860434.0,3,False,0,0.0
2abf4576-d383-4e76-8609-51131597a45a,2026-06-05,68,943702.0,4,False,1,0.905
2abf4576-d383-4e76-8609-51131597a45a,2026-06-06,75,1040848.0,5,False,0,1.435
2abf4576-d383-4e76-8609-51131597a45a,2026-06-07,62,860434.0,6,False,0,2.132
2abf4576-d383-4e76-8609-51131597a45a,2026-06-08,40,555119.0,0,False,1,3.467
2abf4576-d383-4e76-8609-51131597a45a,2026-06-09,50,693899.0,1,False,0,2.021
2abf4576-d383-4e76-8609-51131597a45a,2026-06-10,45,624509.0,2,False,0,4.807
2abf4576-d383-4e76-8609-51131597a45a,2026-06-11,47,652265.0,3,False,0,5.29
2abf4576-d383-4e76-8609-51131597a45a,2026-06-12,63,874312.0,4,False,1,2.549
2abf4576-d383-4e76-8609-51131597a45a,2026-06-13,74,1026970.0,5,False,0,2.009
2abf4576-d383-4e76-8609-51131597a45a,2026-06-14,56,777166.0,6,False,3,4.237
2abf4576-d383-4e76-8609-51131597a45a,2026-06-15,38,527363.0,0,False,3,4.298
2abf4576-d383-4e76-8609-51131597a45a,2026-06-16,56,777166.0,1,True,0,0.0
2abf4576-d383-4e76-8609-51131597a45a,2026-06-17,44,610631.0,2,False,3,5.31
2abf4576-d383-4e76-8609-51131597a45a,2026-06-18,55,763288.0,3,False,1,2.485
2abf4576-d383-4e76-8609-51131597a45a,2026-06-19,60,832678.0,4,False,0,3.774
2abf4576-d383-4e76-8609-51131597a45a,2026-06-20,65,902068.0,5,False,3,5.201
2abf4576-d383-4e76-8609-51131597a45a,2026-06-21,56,777166.0,6,False,0,3.922
2abf4576-d383-4e76-8609-51131597a45a,2026-06-22,47,652265.0,0,False,1,0.946
2abf4576-d383-4e76-8609-51131597a45a,2026-06-23,54,749410.0,1,False,1,0.779
2abf4576-d383-4e76-8609-51131597a45a,2026-06-24,55,763288.0,2,False,0,1.27
2abf4576-d383-4e76-8609-51131597a45a,2026-06-25,57,791044.0,3,False,3,1.717
2abf4576-d383-4e76-8609-51131597a45a,2026-06-26,71,985336.0,4,False,0,0.0
2abf4576-d383-4e76-8609-51131597a45a,2026-06-27,79,1096360.0,5,False,1,0.0
2abf4576-d383-4e76-8609-51131597a45a,2026-06-28,55,763288.0,6,False,3,4.497
2abf4576-d383-4e76-8609-51131597a45a,2026-06-29,48,666143.0,0,False,0,0.86
2abf4576-d383-4e76-8609-51131597a45a,2026-06-30,56,777166.0,1,False,0,0.0
2abf4576-d383-4e76-8609-51131597a45a,2026-07-01,59,818800.0,2,False,0,0.0
2abf4576-d383-4e76-8609-51131597a45a,2026-07-02,62,860434.0,3,False,0,0.0
2abf4576-d383-4e76-8609-51131597a45a,2026-07-03,64,888190.0,4,False,1,2.203
2abf4576-d383-4e76-8609-51131597a45a,2026-07-04,79,1096360.0,5,False,1,0.0
2abf4576-d383-4e76-8609-51131597a45a,2026-07-05,68,943702.0,6,False,1,0.0
2abf4576-d383-4e76-8609-51131597a45a,2026-07-06,47,652265.0,0,False,0,0.913
2abf4576-d383-4e76-8609-51131597a45a,2026-07-07,50,693899.0,1,False,1,2.141
2abf4576-d383-4e76-8609-51131597a45a,2026-07-08,51,707777.0,2,False,0,2.866
2abf4576-d383-4e76-8609-51131597a45a,2026-07-09,56,777166.0,3,False,1,2.049
2abf4576-d383-4e76-8609-51131597a45a,2026-07-10,60,832678.0,4,False,0,3.536
2abf4576-d383-4e76-8609-51131597a45a,2026-07-11,72,999214.0,5,False,0,2.655
2abf4576-d383-4e76-8609-51131597a45a,2026-07-12,48,666143.0,6,False,3,6.81
2abf4576-d383-4e76-8609-51131597a45a,2026-07-13,41,568997.0,0,False,0,3.026
2abf4576-d383-4e76-8609-51131597a45a,2026-07-14,46,638387.0,1,False,0,3.455
2abf4576-d383-4e76-8609-51131597a45a,2026-07-15,44,610631.0,2,False,3,5.055
2abf4576-d383-4e76-8609-51131597a45a,2026-07-16,52,721655.0,3,False,0,3.578
2abf4576-d383-4e76-8609-51131597a45a,2026-07-17,68,943702.0,4,False,1,1.071
2abf4576-d383-4e76-8609-51131597a45a,2026-07-18,68,943702.0,5,False,0,3.852
2abf4576-d383-4e76-8609-51131597a45a,2026-07-19,57,791044.0,6,False,1,3.669
2abf4576-d383-4e76-8609-51131597a45a,2026-07-20,44,610631.0,0,False,2,2.068
2abf4576-d383-4e76-8609-51131597a45a,2026-07-21,43,596753.0,1,False,1,4.608
2abf4576-d383-4e76-8609-51131597a45a,2026-07-22,56,777166.0,2,False,2,1.026
2abf4576-d383-4e76-8609-51131597a45a,2026-07-23,49,680021.0,3,False,3,4.374
2abf4576-d383-4e76-8609-51131597a45a,2026-07-24,58,804922.0,4,False,0,4.536
2abf4576-d383-4e76-8609-51131597a45a,2026-07-25,79,1096360.0,5,False,1,0.0
2abf4576-d383-4e76-8609-51131597a45a,2026-07-26,68,943702.0,6,False,2,0.0
2abf4576-d383-4e76-8609-51131597a45a,2026-07-27,50,693899.0,0,False,2,0.0
2abf4576-d383-4e76-8609-51131597a45a,2026-07-28,52,721655.0,1,False,0,1.225
2abf4576-d383-4e76-8609-51131597a45a,2026-07-29,57,791044.0,2,False,0,0.793
2abf4576-d383-4e76-8609-51131597a45a,2026-07-30,55,763288.0,3,False,1,2.362
2abf4576-d383-4e76-8609-51131597a45a,2026-07-31,59,818800.0,4,False,3,3.929
2abf4576-d383-4e76-8609-51131597a45a,2026-08-01,77,1068604.0,5,False,1,0.959
2abf4576-d383-4e76-8609-51131597a45a,2026-08-02,65,902068.0,6,False,0,0.833
2abf4576-d383-4e76-8609-51131597a45a,2026-08-03,48,666143.0,0,False,1,0.596
2abf4576-d383-4e76-8609-51131597a45a,2026-08-04,51,707777.0,1,False,3,1.692
2abf4576-d383-4e76-8609-51131597a45a,2026-08-05,52,721655.0,2,False,1,2.252
2abf4576-d383-4e76-8609-51131597a45a,2026-08-06,53,735532.0,3,False,1,2.903
2abf4576-d383-4e76-8609-51131597a45a,2026-08-07,58,804922.0,4,False,1,4.41
2abf4576-d383-4e76-8609-51131597a45a,2026-08-08,78,1082482.0,5,False,0,0.545
2abf4576-d383-4e76-8609-51131597a45a,2026-08-09,63,874312.0,6,False,1,1.507
2abf4576-d383-4e76-8609-51131597a45a,2026-08-10,39,541241.0,0,False,0,3.865
2abf4576-d383-4e76-8609-51131597a45a,2026-08-11,47,652265.0,1,False,2,3.266
2abf4576-d383-4e76-8609-51131597a45a,2026-08-12,52,721655.0,2,False,0,2.312
2abf4576-d383-4e76-8609-51131597a45a,2026-08-13,49,680021.0,3,False,1,4.421
2abf4576-d383-4e76-8609-51131597a45a,2026-08-14,69,957580.0,4,False,2,0.683
2abf4576-d383-4e76-8609-51131597a45a,2026-08-15,68,943702.0,5,False,2,3.901
2abf4576-d383-4e76-8609-51131597a45a,2026-08-16,58,804922.0,6,False,1,3.374
2abf4576-d383-4e76-8609-51131597a45a,2026-08-17,50,693899.0,0,True,0,0.0
2abf4576-d383-4e76-8609-51131597a45a,2026-08-18,45,624509.0,1,False,1,3.854
2abf4576-d383-4e76-8609-51131597a45a,2026-08-19,58,804922.0,2,False,0,0.206
2abf4576-d383-4e76-8609-51131597a45a,2026-08-20,59,818800.0,3,False,1,0.979
2abf4576-d383-4e76-8609-51131597a45a,2026-08-21,55,763288.0,4,False,0,5.613
2abf4576-d383-4e76-8609-51131597a45a,2026-08-22,67,929824.0,5,False,0,4.273
2abf4576-d383-4e76-8609-51131597a45a,2026-08-23,58,804922.0,6,False,0,3.235
2abf4576-d383-4e76-8609-51131597a45a,2026-08-24,41,568997.0,0,False,0,2.991
2abf4576-d383-4e76-8609-51131597a45a,2026-08-25,56,777166.0,1,True,0,0.0
2abf4576-d383-4e76-8609-51131597a45a,2026-08-26,53,735532.0,2,False,1,2.038
2abf4576-d383-4e76-8609-51131597a45a,2026-08-27,56,777166.0,3,False,1,1.863
2abf4576-d383-4e76-8609-51131597a45a,2026-08-28,66,915946.0,4,False,2,1.677
301e3721-e022-49fb-9985-86095ec8877a,2026-05-31,51,815481.0,6,False,0,1.079
301e3721-e022-49fb-9985-86095ec8877a,2026-06-01,40,639593.0,0,True,0,0.0
301e3721-e022-49fb-9985-86095ec8877a,2026-06-02,35,559644.0,1,False,0,3.5
301e3721-e022-49fb-9985-86095ec8877a,2026-06-03,46,735532.0,2,False,1,0.452
301e3721-e022-49fb-9985-86095ec8877a,2026-06-04,48,767512.0,3,False,1,0.786
301e3721-e022-49fb-9985-86095ec8877a,2026-06-05,55,879441.0,4,False,2,0.629
301e3721-e022-49fb-9985-86095ec8877a,2026-06-06,47,751522.0,5,False,3,6.101
301e3721-e022-49fb-9985-86095ec8877a,2026-06-07,50,799492.0,6,False,1,1.748
301e3721-e022-49fb-9985-86095ec8877a,2026-06-08,31,495685.0,0,False,0,3.238
301e3721-e022-49fb-9985-86095ec8877a,2026-06-09,36,575634.0,1,False,1,3.301
301e3721-e022-49fb-9985-86095ec8877a,2026-06-10,40,639593.0,2,False,0,2.641
301e3721-e022-49fb-9985-86095ec8877a,2026-06-11,46,735532.0,3,False,0,1.425
301e3721-e022-49fb-9985-86095ec8877a,2026-06-12,46,735532.0,4,False,0,3.647
301e3721-e022-49fb-9985-86095ec8877a,2026-06-13,55,879441.0,5,False,0,3.229
301e3721-e022-49fb-9985-86095ec8877a,2026-06-14,39,623603.0,6,False,3,5.392
301e3721-e022-49fb-9985-86095ec8877a,2026-06-15,37,591624.0,0,False,1,1.243
301e3721-e022-49fb-9985-86095ec8877a,2026-06-16,45,719542.0,1,True,1,0.0
301e3721-e022-49fb-9985-86095ec8877a,2026-06-17,31,495685.0,2,False,3,5.729
301e3721-e022-49fb-9985-86095ec8877a,2026-06-18,43,687563.0,3,False,2,2.456
301e3721-e022-49fb-9985-86095ec8877a,2026-06-19,53,847461.0,4,False,2,1.479
301e3721-e022-49fb-9985-86095ec8877a,2026-06-20,47,751522.0,5,False,2,5.916
301e3721-e022-49fb-9985-86095ec8877a,2026-06-21,38,607614.0,6,False,0,5.777
301e3721-e022-49fb-9985-86095ec8877a,2026-06-22,39,623603.0,0,False,0,0.455
301e3721-e022-49fb-9985-86095ec8877a,2026-06-23,43,687563.0,1,False,1,0.75
301e3721-e022-49fb-9985-86095ec8877a,2026-06-24,37,591624.0,2,False,3,3.612
301e3721-e022-49fb-9985-86095ec8877a,2026-06-25,47,751522.0,3,False,1,0.972
301e3721-e022-49fb-9985-86095ec8877a,2026-06-26,54,863451.0,4,False,1,1.086
301e3721-e022-49fb-9985-86095ec8877a,2026-06-27,64,1023349.0,5,False,0,0.0
301e3721-e022-49fb-9985-86095ec8877a,2026-06-28,51,815481.0,6,False,0,1.199
301e3721-e022-49fb-9985-86095ec8877a,2026-06-29,35,559644.0,0,False,2,1.948
301e3721-e022-49fb-9985-86095ec8877a,2026-06-30,43,687563.0,1,False,1,0.783
301e3721-e022-49fb-9985-86095ec8877a,2026-07-01,47,751522.0,2,False,1,0.182
301e3721-e022-49fb-9985-86095ec8877a,2026-07-02,50,799492.0,3,False,1,0.0
301e3721-e022-49fb-9985-86095ec8877a,2026-07-03,57,911420.0,4,False,0,0.112
301e3721-e022-49fb-9985-86095ec8877a,2026-07-04,61,975380.0,5,False,3,1.034
301e3721-e022-49fb-9985-86095ec8877a,2026-07-05,55,879441.0,6,False,0,0.0
301e3721-e022-49fb-9985-86095ec8877a,2026-07-06,32,511675.0,0,False,0,2.868
301e3721-e022-49fb-9985-86095ec8877a,2026-07-07,38,607614.0,1,False,1,2.367
301e3721-e022-49fb-9985-86095ec8877a,2026-07-08,45,719542.0,2,False,2,0.785
301e3721-e022-49fb-9985-86095ec8877a,2026-07-09,38,607614.0,3,False,0,4.251
301e3721-e022-49fb-9985-86095ec8877a,2026-07-10,52,831471.0,4,False,1,1.674
301e3721-e022-49fb-9985-86095ec8877a,2026-07-11,59,943400.0,5,False,0,1.678
301e3721-e022-49fb-9985-86095ec8877a,2026-07-12,43,687563.0,6,False,1,4.065
301e3721-e022-49fb-9985-86095ec8877a,2026-07-13,30,479695.0,0,False,1,3.721
301e3721-e022-49fb-9985-86095ec8877a,2026-07-14,42,671573.0,1,False,0,1.162
301e3721-e022-49fb-9985-86095ec8877a,2026-07-15,41,655583.0,2,False,2,2.138
301e3721-e022-49fb-9985-86095ec8877a,2026-07-16,36,575634.0,3,False,3,4.781
301e3721-e022-49fb-9985-86095ec8877a,2026-07-17,45,719542.0,4,False,0,4.258
301e3721-e022-49fb-9985-86095ec8877a,2026-07-18,55,879441.0,5,False,0,3.036
301e3721-e022-49fb-9985-86095ec8877a,2026-07-19,47,751522.0,6,False,3,2.646
301e3721-e022-49fb-9985-86095ec8877a,2026-07-20,32,511675.0,0,False,1,3.008
301e3721-e022-49fb-9985-86095ec8877a,2026-07-21,36,575634.0,1,False,2,3.161
301e3721-e022-49fb-9985-86095ec8877a,2026-07-22,46,735532.0,2,False,0,0.436
301e3721-e022-49fb-9985-86095ec8877a,2026-07-23,41,655583.0,3,False,1,2.955
301e3721-e022-49fb-9985-86095ec8877a,2026-07-24,50,799492.0,4,False,2,2.389
301e3721-e022-49fb-9985-86095ec8877a,2026-07-25,53,847461.0,5,False,2,3.972
301e3721-e022-49fb-9985-86095ec8877a,2026-07-26,55,879441.0,6,False,0,0.0
301e3721-e022-49fb-9985-86095ec8877a,2026-07-27,40,639593.0,0,False,2,0.0
301e3721-e022-49fb-9985-86095ec8877a,2026-07-28,44,703553.0,1,False,1,0.445
301e3721-e022-49fb-9985-86095ec8877a,2026-07-29,47,751522.0,2,False,1,0.287
301e3721-e022-49fb-9985-86095ec8877a,2026-07-30,50,799492.0,3,False,0,0.0
301e3721-e022-49fb-9985-86095ec8877a,2026-07-31,44,703553.0,4,False,3,4.387
301e3721-e022-49fb-9985-86095ec8877a,2026-08-01,59,943400.0,5,False,0,1.64
301e3721-e022-49fb-9985-86095ec8877a,2026-08-02,42,671573.0,6,False,0,4.27
301e3721-e022-49fb-9985-86095ec8877a,2026-08-03,37,591624.0,0,False,0,1.236
301e3721-e022-49fb-9985-86095ec8877a,2026-08-04,40,639593.0,1,False,1,1.689
301e3721-e022-49fb-9985-86095ec8877a,2026-08-05,44,703553.0,2,False,0,1.063
301e3721-e022-49fb-9985-86095ec8877a,2026-08-06,44,703553.0,3,False,2,2.065
301e3721-e022-49fb-9985-86095ec8877a,2026-08-07,47,751522.0,4,False,0,3.506
301e3721-e022-49fb-9985-86095ec8877a,2026-08-08,61,975380.0,5,False,2,1.015
301e3721-e022-49fb-9985-86095ec8877a,2026-08-09,46,735532.0,6,False,2,2.968
301e3721-e022-49fb-9985-86095ec8877a,2026-08-10,34,543654.0,0,False,2,2.086
301e3721-e022-49fb-9985-86095ec8877a,2026-08-11,36,575634.0,1,False,1,3.072
301e3721-e022-49fb-9985-86095ec8877a,2026-08-12,40,639593.0,2,False,1,2.494
301e3721-e022-49fb-9985-86095ec8877a,2026-08-13,43,687563.0,3,False,2,2.23
301e3721-e022-49fb-9985-86095ec8877a,2026-08-14,44,703553.0,4,False,1,4.608
301e3721-e022-49fb-9985-86095ec8877a,2026-08-15,55,879441.0,5,False,2,3.148
301e3721-e022-49fb-9985-86095ec8877a,2026-08-16,53,847461.0,6,False,0,0.521
301e3721-e022-49fb-9985-86095ec8877a,2026-08-17,40,639593.0,0,True,0,0.0
301e3721-e022-49fb-9985-86095ec8877a,2026-08-18,37,591624.0,1,False,0,2.725
301e3721-e022-49fb-9985-86095ec8877a,2026-08-19,36,575634.0,2,False,0,4.054
301e3721-e022-49fb-9985-86095ec8877a,2026-08-20,39,623603.0,3,False,0,3.758
301e3721-e022-49fb-9985-86095ec8877a,2026-08-21,46,735532.0,4,False,0,3.915
301e3721-e022-49fb-9985-86095ec8877a,2026-08-22,56,895431.0,5,False,1,2.936
301e3721-e022-49fb-9985-86095ec8877a,2026-08-23,37,591624.0,6,False,3,6.058
301e3721-e022-49fb-9985-86095ec8877a,2026-08-24,35,559644.0,0,False,0,1.967
301e3721-e022-49fb-9985-86095ec8877a,2026-08-25,45,719542.0,1,True,2,0.0
301e3721-e022-49fb-9985-86095ec8877a,2026-08-26,45,719542.0,2,False,0,0.949
301e3721-e022-49fb-9985-86095ec8877a,2026-08-27,49,783502.0,3,False,1,0.118
301e3721-e022-49fb-9985-86095ec8877a,2026-08-28,50,799492.0,4,False,2,2.567
34e8b816-e464-499a-b51c-a6f5bb86d493,2026-05-31,143,1775029.0,6,False,0,3.379
34e8b816-e464-499a-b51c-a6f5bb86d493,2026-06-01,137,1700552.0,0,True,2,0.0
34e8b816-e464-499a-b51c-a6f5bb86d493,2026-06-02,139,1725378.0,1,False,0,1.079
34e8b816-e464-499a-b51c-a6f5bb86d493,2026-06-03,156,1936395.0,2,False,0,0.42
34e8b816-e464-499a-b51c-a6f5bb86d493,2026-06-04,146,1812267.0,3,False,1,1.838
34e8b816-e464-499a-b51c-a6f5bb86d493,2026-06-05,158,1961221.0,4,False,0,2.777
34e8b816-e464-499a-b51c-a6f5bb86d493,2026-06-06,190,2358430.0,5,False,0,2.199
34e8b816-e464-499a-b51c-a6f5bb86d493,2026-06-07,155,1923982.0,6,False,2,2.394
34e8b816-e464-499a-b51c-a6f5bb86d493,2026-06-08,96,1191628.0,0,False,1,3.243
34e8b816-e464-499a-b51c-a6f5bb86d493,2026-06-09,124,1539186.0,1,False,0,2.287
34e8b816-e464-499a-b51c-a6f5bb86d493,2026-06-10,127,1576424.0,2,False,1,2.749
34e8b816-e464-499a-b51c-a6f5bb86d493,2026-06-11,117,1452296.0,3,False,0,4.163
34e8b816-e464-499a-b51c-a6f5bb86d493,2026-06-12,161,1998459.0,4,False,1,2.552
34e8b816-e464-499a-b51c-a6f5bb86d493,2026-06-13,201,2494971.0,5,False,1,1.32
34e8b816-e464-499a-b51c-a6f5bb86d493,2026-06-14,150,1861919.0,6,False,0,2.768
34e8b816-e464-499a-b51c-a6f5bb86d493,2026-06-15,111,1377820.0,0,False,1,2.032
34e8b816-e464-499a-b51c-a6f5bb86d493,2026-06-16,134,1663314.0,1,True,0,1.543
34e8b816-e464-499a-b51c-a6f5bb86d493,2026-06-17,114,1415058.0,2,False,0,3.777
34e8b816-e464-499a-b51c-a6f5bb86d493,2026-06-18,132,1638488.0,3,False,0,2.925
34e8b816-e464-499a-b51c-a6f5bb86d493,2026-06-19,141,1750203.0,4,False,0,4.132
34e8b816-e464-499a-b51c-a6f5bb86d493,2026-06-20,203,2519796.0,5,False,1,1.167
34e8b816-e464-499a-b51c-a6f5bb86d493,2026-06-21,169,2097762.0,6,False,1,1.297
34e8b816-e464-499a-b51c-a6f5bb86d493,2026-06-22,90,1117151.0,0,False,3,3.705
34e8b816-e464-499a-b51c-a6f5bb86d493,2026-06-23,136,1688139.0,1,False,0,1.387
34e8b816-e464-499a-b51c-a6f5bb86d493,2026-06-24,135,1675727.0,2,False,1,2.044
34e8b816-e464-499a-b51c-a6f5bb86d493,2026-06-25,160,1986046.0,3,False,0,0.682
34e8b816-e464-499a-b51c-a6f5bb86d493,2026-06-26,170,2110174.0,4,False,1,1.831
34e8b816-e464-499a-b51c-a6f5bb86d493,2026-06-27,189,2346017.0,5,False,0,2.267
34e8b816-e464-499a-b51c-a6f5bb86d493,2026-06-28,165,2048110.0,6,False,0,1.61
34e8b816-e464-499a-b51c-a6f5bb86d493,2026-06-29,122,1514360.0,0,False,1,1.159
34e8b816-e464-499a-b51c-a6f5bb86d493,2026-06-30,126,1564012.0,1,False,3,2.163
34e8b816-e464-499a-b51c-a6f5bb86d493,2026-07-01,147,1824680.0,2,False,0,1.089
34e8b816-e464-499a-b51c-a6f5bb86d493,2026-07-02,140,1737791.0,3,False,3,2.355
34e8b816-e464-499a-b51c-a6f5bb86d493,2026-07-03,185,2296366.0,4,False,0,0.648
34e8b816-e464-499a-b51c-a6f5bb86d493,2026-07-04,217,2693575.0,5,False,0,0.03
34e8b816-e464-499a-b51c-a6f5bb86d493,2026-07-05,147,1824680.0,6,False,0,3.043
34e8b816-e464-499a-b51c-a6f5bb86d493,2026-07-06,100,1241279.0,0,False,2,2.907
34e8b816-e464-499a-b51c-a6f5bb86d493,2026-07-07,113,1402645.0,1,False,0,3.165
34e8b816-e464-499a-b51c-a6f5bb86d493,2026-07-08,151,1874331.0,2,False,2,0.778
34e8b816-e464-499a-b51c-a6f5bb86d493,2026-07-09,140,1737791.0,3,False,0,2.328
34e8b816-e464-499a-b51c-a6f5bb86d493,2026-07-10,147,1824680.0,4,False,1,3.701
34e8b816-e464-499a-b51c-a6f5bb86d493,2026-07-11,136,1688139.0,5,False,3,6.501
34e8b816-e464-499a-b51c-a6f5bb86d493,2026-07-12,123,1526773.0,6,False,3,4.942
34e8b816-e464-499a-b51c-a6f5bb86d493,2026-07-13,121,1501948.0,0,False,1,1.286
34e8b816-e464-499a-b51c-a6f5bb86d493,2026-07-14,127,1576424.0,1,False,2,2.063
34e8b816-e464-499a-b51c-a6f5bb86d493,2026-07-15,133,1650901.0,2,False,0,2.242
34e8b816-e464-499a-b51c-a6f5bb86d493,2026-07-16,145,1799855.0,3,False,2,1.917
34e8b816-e464-499a-b51c-a6f5bb86d493,2026-07-17,164,2035698.0,4,False,2,2.365
34e8b816-e464-499a-b51c-a6f5bb86d493,2026-07-18,166,2060523.0,5,False,1,4.094
34e8b816-e464-499a-b51c-a6f5bb86d493,2026-07-19,115,1427471.0,6,False,3,5.641
34e8b816-e464-499a-b51c-a6f5bb86d493,2026-07-20,109,1352994.0,0,False,1,2.183
34e8b816-e464-499a-b51c-a6f5bb86d493,2026-07-21,119,1477122.0,1,False,2,2.715
34e8b816-e464-499a-b51c-a6f5bb86d493,2026-07-22,138,1712965.0,2,False,0,1.798
34e8b816-e464-499a-b51c-a6f5bb86d493,2026-07-23,147,1824680.0,3,False,0,1.784
34e8b816-e464-499a-b51c-a6f5bb86d493,2026-07-24,141,1750203.0,4,False,3,4.137
34e8b816-e464-499a-b51c-a6f5bb86d493,2026-07-25,212,2631512.0,5,False,0,0.43
34e8b816-e464-499a-b51c-a6f5bb86d493,2026-07-26,185,2296366.0,6,False,0,0.0
34e8b816-e464-499a-b51c-a6f5bb86d493,2026-07-27,118,1464709.0,0,False,0,1.515
34e8b816-e464-499a-b51c-a6f5bb86d493,2026-07-28,152,1886744.0,1,False,0,0.083
34e8b816-e464-499a-b51c-a6f5bb86d493,2026-07-29,120,1489535.0,2,False,3,3.261
34e8b816-e464-499a-b51c-a6f5bb86d493,2026-07-30,151,1874331.0,3,False,1,1.435
34e8b816-e464-499a-b51c-a6f5bb86d493,2026-07-31,171,2122587.0,4,False,0,1.741
34e8b816-e464-499a-b51c-a6f5bb86d493,2026-08-01,216,2681163.0,5,False,0,0.079
34e8b816-e464-499a-b51c-a6f5bb86d493,2026-08-02,147,1824680.0,6,False,0,3.056
34e8b816-e464-499a-b51c-a6f5bb86d493,2026-08-03,137,1700552.0,0,False,0,0.0
34e8b816-e464-499a-b51c-a6f5bb86d493,2026-08-04,153,1899157.0,1,False,0,0.0
34e8b816-e464-499a-b51c-a6f5bb86d493,2026-08-05,154,1911570.0,2,False,0,0.527
34e8b816-e464-499a-b51c-a6f5bb86d493,2026-08-06,150,1861919.0,3,False,0,1.483
34e8b816-e464-499a-b51c-a6f5bb86d493,2026-08-07,169,2097762.0,4,False,1,1.903
34e8b816-e464-499a-b51c-a6f5bb86d493,2026-08-08,183,2271541.0,5,False,0,2.769
34e8b816-e464-499a-b51c-a6f5bb86d493,2026-08-09,162,2010872.0,6,False,1,1.862
34e8b816-e464-499a-b51c-a6f5bb86d493,2026-08-10,94,1166802.0,0,False,3,3.426
34e8b816-e464-499a-b51c-a6f5bb86d493,2026-08-11,123,1526773.0,1,False,3,2.369
34e8b816-e464-499a-b51c-a6f5bb86d493,2026-08-12,122,1514360.0,2,False,3,3.08
34e8b816-e464-499a-b51c-a6f5bb86d493,2026-08-13,150,1861919.0,3,False,0,1.515
34e8b816-e464-499a-b51c-a6f5bb86d493,2026-08-14,146,1812267.0,4,False,3,3.753
34e8b816-e464-499a-b51c-a6f5bb86d493,2026-08-15,176,2184651.0,5,False,0,3.292
34e8b816-e464-499a-b51c-a6f5bb86d493,2026-08-16,179,2221889.0,6,False,0,0.493
34e8b816-e464-499a-b51c-a6f5bb86d493,2026-08-17,137,1700552.0,0,True,1,0.0
34e8b816-e464-499a-b51c-a6f5bb86d493,2026-08-18,98,1216453.0,1,False,0,4.363
34e8b816-e464-499a-b51c-a6f5bb86d493,2026-08-19,132,1638488.0,2,False,1,2.301
34e8b816-e464-499a-b51c-a6f5bb86d493,2026-08-20,131,1626076.0,3,False,0,3.028
34e8b816-e464-499a-b51c-a6f5bb86d493,2026-08-21,153,1899157.0,4,False,0,3.176
34e8b816-e464-499a-b51c-a6f5bb86d493,2026-08-22,136,1688139.0,5,False,3,6.474
34e8b816-e464-499a-b51c-a6f5bb86d493,2026-08-23,138,1712965.0,6,False,1,3.783
34e8b816-e464-499a-b51c-a6f5bb86d493,2026-08-24,116,1439884.0,0,False,2,1.7
34e8b816-e464-499a-b51c-a6f5bb86d493,2026-08-25,153,1899157.0,1,True,0,0.0
34e8b816-e464-499a-b51c-a6f5bb86d493,2026-08-26,152,1886744.0,2,False,0,0.735
34e8b816-e464-499a-b51c-a6f5bb86d493,2026-08-27,169,2097762.0,3,False,0,0.0
34e8b816-e464-499a-b51c-a6f5bb86d493,2026-08-28,170,2110174.0,4,False,2,1.865
3a045379-34e3-4d46-b265-c912de04860a,2026-05-31,184,4230250.0,6,False,2,0.0
3a045379-34e3-4d46-b265-c912de04860a,2026-06-01,136,3126706.0,0,True,2,0.0
3a045379-34e3-4d46-b265-c912de04860a,2026-06-02,152,3494554.0,1,False,0,0.0
3a045379-34e3-4d46-b265-c912de04860a,2026-06-03,160,3678478.0,2,False,0,0.0
3a045379-34e3-4d46-b265-c912de04860a,2026-06-04,168,3862402.0,3,False,0,0.0
3a045379-34e3-4d46-b265-c912de04860a,2026-06-05,192,4414174.0,4,False,2,0.0
3a045379-34e3-4d46-b265-c912de04860a,2026-06-06,216,4965946.0,5,False,0,0.0
3a045379-34e3-4d46-b265-c912de04860a,2026-06-07,169,3885393.0,6,False,1,5.073
3a045379-34e3-4d46-b265-c912de04860a,2026-06-08,127,2919792.0,0,False,0,3.042
3a045379-34e3-4d46-b265-c912de04860a,2026-06-09,144,3310630.0,1,False,0,2.718
3a045379-34e3-4d46-b265-c912de04860a,2026-06-10,146,3356611.0,2,False,0,4.775
3a045379-34e3-4d46-b265-c912de04860a,2026-06-11,168,3862402.0,3,False,2,0.0
3a045379-34e3-4d46-b265-c912de04860a,2026-06-12,143,3287640.0,4,False,2,17.01
3a045379-34e3-4d46-b265-c912de04860a,2026-06-13,196,4506136.0,5,False,1,6.985
3a045379-34e3-4d46-b265-c912de04860a,2026-06-14,181,4161278.0,6,False,1,0.994
3a045379-34e3-4d46-b265-c912de04860a,2026-06-15,130,2988764.0,0,False,0,2.053
3a045379-34e3-4d46-b265-c912de04860a,2026-06-16,152,3494554.0,1,True,0,0.0
3a045379-34e3-4d46-b265-c912de04860a,2026-06-17,144,3310630.0,2,False,0,5.376
3a045379-34e3-4d46-b265-c912de04860a,2026-06-18,160,3678478.0,3,False,0,2.769
3a045379-34e3-4d46-b265-c912de04860a,2026-06-19,192,4414174.0,4,False,1,0.0
3a045379-34e3-4d46-b265-c912de04860a,2026-06-20,199,4575107.0,5,False,0,5.849
3a045379-34e3-4d46-b265-c912de04860a,2026-06-21,184,4230250.0,6,False,1,0.0
3a045379-34e3-4d46-b265-c912de04860a,2026-06-22,136,3126706.0,0,False,0,0.0
3a045379-34e3-4d46-b265-c912de04860a,2026-06-23,120,2758859.0,1,False,3,11.203
3a045379-34e3-4d46-b265-c912de04860a,2026-06-24,160,3678478.0,2,False,0,0.0
3a045379-34e3-4d46-b265-c912de04860a,2026-06-25,168,3862402.0,3,False,0,0.0
3a045379-34e3-4d46-b265-c912de04860a,2026-06-26,192,4414174.0,4,False,2,0.0
3a045379-34e3-4d46-b265-c912de04860a,2026-06-27,216,4965946.0,5,False,0,0.0
3a045379-34e3-4d46-b265-c912de04860a,2026-06-28,184,4230250.0,6,False,1,0.0
3a045379-34e3-4d46-b265-c912de04860a,2026-06-29,136,3126706.0,0,False,0,0.0
3a045379-34e3-4d46-b265-c912de04860a,2026-06-30,139,3195678.0,1,False,3,4.516
3a045379-34e3-4d46-b265-c912de04860a,2026-07-01,160,3678478.0,2,False,2,0.0
3a045379-34e3-4d46-b265-c912de04860a,2026-07-02,168,3862402.0,3,False,2,0.0
3a045379-34e3-4d46-b265-c912de04860a,2026-07-03,190,4368193.0,4,False,2,0.715
3a045379-34e3-4d46-b265-c912de04860a,2026-07-04,181,4161278.0,5,False,3,11.998
3a045379-34e3-4d46-b265-c912de04860a,2026-07-05,184,4230250.0,6,False,2,0.0
3a045379-34e3-4d46-b265-c912de04860a,2026-07-06,123,2827830.0,0,False,1,4.599
3a045379-34e3-4d46-b265-c912de04860a,2026-07-07,136,3126706.0,1,False,1,5.623
3a045379-34e3-4d46-b265-c912de04860a,2026-07-08,151,3471564.0,2,False,0,3.144
3a045379-34e3-4d46-b265-c912de04860a,2026-07-09,159,3655488.0,3,False,2,3.243
3a045379-34e3-4d46-b265-c912de04860a,2026-07-10,166,3816421.0,4,False,1,8.88
3a045379-34e3-4d46-b265-c912de04860a,2026-07-11,193,4437164.0,5,False,1,8.058
3a045379-34e3-4d46-b265-c912de04860a,2026-07-12,177,4069317.0,6,False,1,2.408
3a045379-34e3-4d46-b265-c912de04860a,2026-07-13,123,2827830.0,0,False,1,4.594
3a045379-34e3-4d46-b265-c912de04860a,2026-07-14,126,2896802.0,1,False,3,9.0
3a045379-34e3-4d46-b265-c912de04860a,2026-07-15,146,3356611.0,2,False,0,4.841
3a045379-34e3-4d46-b265-c912de04860a,2026-07-16,154,3540535.0,3,False,1,4.668
3a045379-34e3-4d46-b265-c912de04860a,2026-07-17,176,4046326.0,4,False,0,5.64
3a045379-34e3-4d46-b265-c912de04860a,2026-07-18,216,4965946.0,5,False,0,0.0
3a045379-34e3-4d46-b265-c912de04860a,2026-07-19,184,4230250.0,6,False,0,0.0
3a045379-34e3-4d46-b265-c912de04860a,2026-07-20,116,2666897.0,0,False,0,7.109
3a045379-34e3-4d46-b265-c912de04860a,2026-07-21,142,3264649.0,1,False,2,3.313
3a045379-34e3-4d46-b265-c912de04860a,2026-07-22,143,3287640.0,2,False,3,5.881
3a045379-34e3-4d46-b265-c912de04860a,2026-07-23,166,3816421.0,3,False,2,0.475
3a045379-34e3-4d46-b265-c912de04860a,2026-07-24,155,3563526.0,4,False,3,12.967
3a045379-34e3-4d46-b265-c912de04860a,2026-07-25,216,4965946.0,5,False,0,0.0
3a045379-34e3-4d46-b265-c912de04860a,2026-07-26,184,4230250.0,6,False,0,0.0
3a045379-34e3-4d46-b265-c912de04860a,2026-07-27,136,3126706.0,0,False,2,0.0
3a045379-34e3-4d46-b265-c912de04860a,2026-07-28,152,3494554.0,1,False,0,0.0
3a045379-34e3-4d46-b265-c912de04860a,2026-07-29,160,3678478.0,2,False,0,0.0
3a045379-34e3-4d46-b265-c912de04860a,2026-07-30,168,3862402.0,3,False,0,0.0
3a045379-34e3-4d46-b265-c912de04860a,2026-07-31,192,4414174.0,4,False,2,0.0
3a045379-34e3-4d46-b265-c912de04860a,2026-08-01,216,4965946.0,5,False,0,0.0
3a045379-34e3-4d46-b265-c912de04860a,2026-08-02,170,3908383.0,6,False,3,4.805
3a045379-34e3-4d46-b265-c912de04860a,2026-08-03,136,3126706.0,0,False,0,0.0
3a045379-34e3-4d46-b265-c912de04860a,2026-08-04,152,3494554.0,1,False,0,0.0
3a045379-34e3-4d46-b265-c912de04860a,2026-08-05,160,3678478.0,2,False,0,0.0
3a045379-34e3-4d46-b265-c912de04860a,2026-08-06,168,3862402.0,3,False,2,0.0
3a045379-34e3-4d46-b265-c912de04860a,2026-08-07,192,4414174.0,4,False,1,0.0
3a045379-34e3-4d46-b265-c912de04860a,2026-08-08,216,4965946.0,5,False,1,0.0
3a045379-34e3-4d46-b265-c912de04860a,2026-08-09,172,3954364.0,6,False,2,4.243
3a045379-34e3-4d46-b265-c912de04860a,2026-08-10,124,2850821.0,0,False,0,4.293
3a045379-34e3-4d46-b265-c912de04860a,2026-08-11,131,3011754.0,1,False,1,7.167
3a045379-34e3-4d46-b265-c912de04860a,2026-08-12,130,2988764.0,2,False,2,10.332
3a045379-34e3-4d46-b265-c912de04860a,2026-08-13,146,3356611.0,3,False,0,7.539
3a045379-34e3-4d46-b265-c912de04860a,2026-08-14,179,4115297.0,4,False,1,4.461
3a045379-34e3-4d46-b265-c912de04860a,2026-08-15,214,4919965.0,5,False,1,0.501
3a045379-34e3-4d46-b265-c912de04860a,2026-08-16,179,4115297.0,6,False,0,1.692
3a045379-34e3-4d46-b265-c912de04860a,2026-08-17,136,3126706.0,0,True,0,0.0
3a045379-34e3-4d46-b265-c912de04860a,2026-08-18,152,3494554.0,1,False,1,0.0
3a045379-34e3-4d46-b265-c912de04860a,2026-08-19,142,3264649.0,2,False,2,6.12
3a045379-34e3-4d46-b265-c912de04860a,2026-08-20,150,3448573.0,3,False,0,6.308
3a045379-34e3-4d46-b265-c912de04860a,2026-08-21,192,4414174.0,4,False,0,0.0
3a045379-34e3-4d46-b265-c912de04860a,2026-08-22,210,4828003.0,5,False,1,1.989
3a045379-34e3-4d46-b265-c912de04860a,2026-08-23,184,4230250.0,6,False,1,0.0
3a045379-34e3-4d46-b265-c912de04860a,2026-08-24,133,3057735.0,0,False,2,0.858
3a045379-34e3-4d46-b265-c912de04860a,2026-08-25,152,3494554.0,1,True,1,0.0
3a045379-34e3-4d46-b265-c912de04860a,2026-08-26,160,3678478.0,2,False,1,0.0
3a045379-34e3-4d46-b265-c912de04860a,2026-08-27,168,3862402.0,3,False,0,0.028
3a045379-34e3-4d46-b265-c912de04860a,2026-08-28,173,3977355.0,4,False,3,6.559
3d958ebe-7815-418a-89fa-4fc5ae2be55f,2026-05-31,106,1197356.0,6,False,1,1.121
3d958ebe-7815-418a-89fa-4fc5ae2be55f,2026-06-01,88,994031.0,0,True,1,0.0
3d958ebe-7815-418a-89fa-4fc5ae2be55f,2026-06-02,86,971440.0,1,False,1,1.021
3d958ebe-7815-418a-89fa-4fc5ae2be55f,2026-06-03,80,903665.0,2,False,0,1.899
3d958ebe-7815-418a-89fa-4fc5ae2be55f,2026-06-04,96,1084398.0,3,False,2,1.028
3d958ebe-7815-418a-89fa-4fc5ae2be55f,2026-06-05,97,1095694.0,4,False,0,2.241
3d958ebe-7815-418a-89fa-4fc5ae2be55f,2026-06-06,112,1265131.0,5,False,0,2.295
3d958ebe-7815-418a-89fa-4fc5ae2be55f,2026-06-07,96,1084398.0,6,False,0,1.871
3d958ebe-7815-418a-89fa-4fc5ae2be55f,2026-06-08,61,689045.0,0,False,3,2.178
3d958ebe-7815-418a-89fa-4fc5ae2be55f,2026-06-09,72,813298.0,1,False,3,2.182
3d958ebe-7815-418a-89fa-4fc5ae2be55f,2026-06-10,76,858482.0,2,False,0,2.226
3d958ebe-7815-418a-89fa-4fc5ae2be55f,2026-06-11,88,994031.0,3,False,1,1.7
3d958ebe-7815-418a-89fa-4fc5ae2be55f,2026-06-12,92,1039215.0,4,False,1,2.649
3d958ebe-7815-418a-89fa-4fc5ae2be55f,2026-06-13,105,1186060.0,5,False,0,2.864
3d958ebe-7815-418a-89fa-4fc5ae2be55f,2026-06-14,88,994031.0,6,False,2,2.558
3d958ebe-7815-418a-89fa-4fc5ae2be55f,2026-06-15,69,779411.0,0,False,0,1.546
3d958ebe-7815-418a-89fa-4fc5ae2be55f,2026-06-16,99,1118285.0,1,True,2,0.0
3d958ebe-7815-418a-89fa-4fc5ae2be55f,2026-06-17,90,1016623.0,2,False,2,1.113
3d958ebe-7815-418a-89fa-4fc5ae2be55f,2026-06-18,86,971440.0,3,False,2,1.832
3d958ebe-7815-418a-89fa-4fc5ae2be55f,2026-06-19,112,1265131.0,4,False,0,1.019
3d958ebe-7815-418a-89fa-4fc5ae2be55f,2026-06-20,122,1378089.0,5,False,1,1.501
3d958ebe-7815-418a-89fa-4fc5ae2be55f,2026-06-21,99,1118285.0,6,False,2,1.623
3d958ebe-7815-418a-89fa-4fc5ae2be55f,2026-06-22,65,734228.0,0,False,0,1.904
3d958ebe-7815-418a-89fa-4fc5ae2be55f,2026-06-23,70,790707.0,1,False,0,2.304
3d958ebe-7815-418a-89fa-4fc5ae2be55f,2026-06-24,81,914961.0,2,False,0,1.867
3d958ebe-7815-418a-89fa-4fc5ae2be55f,2026-06-25,87,982736.0,3,False,3,1.807
3d958ebe-7815-418a-89fa-4fc5ae2be55f,2026-06-26,95,1073102.0,4,False,2,2.382
3d958ebe-7815-418a-89fa-4fc5ae2be55f,2026-06-27,118,1332906.0,5,False,0,1.831
3d958ebe-7815-418a-89fa-4fc5ae2be55f,2026-06-28,92,1039215.0,6,False,3,2.248
3d958ebe-7815-418a-89fa-4fc5ae2be55f,2026-06-29,83,937552.0,0,False,1,0.469
3d958ebe-7815-418a-89fa-4fc5ae2be55f,2026-06-30,82,926257.0,1,False,2,1.375
3d958ebe-7815-418a-89fa-4fc5ae2be55f,2026-07-01,84,948848.0,2,False,2,1.58
3d958ebe-7815-418a-89fa-4fc5ae2be55f,2026-07-02,93,1050511.0,3,False,0,1.324
3d958ebe-7815-418a-89fa-4fc5ae2be55f,2026-07-03,112,1265131.0,4,False,0,0.997
3d958ebe-7815-418a-89fa-4fc5ae2be55f,2026-07-04,128,1445864.0,5,False,1,0.967
3d958ebe-7815-418a-89fa-4fc5ae2be55f,2026-07-05,96,1084398.0,6,False,1,1.85
3d958ebe-7815-418a-89fa-4fc5ae2be55f,2026-07-06,69,779411.0,0,False,0,1.512
3d958ebe-7815-418a-89fa-4fc5ae2be55f,2026-07-07,84,948848.0,1,False,0,1.222
3d958ebe-7815-418a-89fa-4fc5ae2be55f,2026-07-08,80,903665.0,2,False,1,1.936
3d958ebe-7815-418a-89fa-4fc5ae2be55f,2026-07-09,83,937552.0,3,False,0,2.11
3d958ebe-7815-418a-89fa-4fc5ae2be55f,2026-07-10,100,1129581.0,4,False,2,1.99
3d958ebe-7815-418a-89fa-4fc5ae2be55f,2026-07-11,109,1231244.0,5,False,0,2.532
3d958ebe-7815-418a-89fa-4fc5ae2be55f,2026-07-12,86,971440.0,6,False,3,2.727
3d958ebe-7815-418a-89fa-4fc5ae2be55f,2026-07-13,76,858482.0,0,False,1,0.971
3d958ebe-7815-418a-89fa-4fc5ae2be55f,2026-07-14,77,869778.0,1,False,1,1.772
3d958ebe-7815-418a-89fa-4fc5ae2be55f,2026-07-15,80,903665.0,2,False,0,1.943
3d958ebe-7815-418a-89fa-4fc5ae2be55f,2026-07-16,81,914961.0,3,False,0,2.295
3d958ebe-7815-418a-89fa-4fc5ae2be55f,2026-07-17,90,1016623.0,4,False,3,2.775
3d958ebe-7815-418a-89fa-4fc5ae2be55f,2026-07-18,121,1366793.0,5,False,0,1.539
3d958ebe-7815-418a-89fa-4fc5ae2be55f,2026-07-19,88,994031.0,6,False,1,2.519
3d958ebe-7815-418a-89fa-4fc5ae2be55f,2026-07-20,66,745524.0,0,False,2,1.782
3d958ebe-7815-418a-89fa-4fc5ae2be55f,2026-07-21,78,881073.0,1,False,0,1.664
3d958ebe-7815-418a-89fa-4fc5ae2be55f,2026-07-22,74,835890.0,2,False,1,2.422
3d958ebe-7815-418a-89fa-4fc5ae2be55f,2026-07-23,90,1016623.0,3,False,0,1.575
3d958ebe-7815-418a-89fa-4fc5ae2be55f,2026-07-24,97,1095694.0,4,False,2,2.206
3d958ebe-7815-418a-89fa-4fc5ae2be55f,2026-07-25,106,1197356.0,5,False,3,2.729
3d958ebe-7815-418a-89fa-4fc5ae2be55f,2026-07-26,98,1106990.0,6,False,3,1.722
3d958ebe-7815-418a-89fa-4fc5ae2be55f,2026-07-27,69,779411.0,0,False,3,1.581
3d958ebe-7815-418a-89fa-4fc5ae2be55f,2026-07-28,98,1106990.0,1,False,1,0.05
3d958ebe-7815-418a-89fa-4fc5ae2be55f,2026-07-29,88,994031.0,2,False,0,1.317
3d958ebe-7815-418a-89fa-4fc5ae2be55f,2026-07-30,105,1186060.0,3,False,0,0.297
3d958ebe-7815-418a-89fa-4fc5ae2be55f,2026-07-31,107,1208652.0,4,False,3,1.408
3d958ebe-7815-418a-89fa-4fc5ae2be55f,2026-08-01,116,1310314.0,5,False,0,1.939
3d958ebe-7815-418a-89fa-4fc5ae2be55f,2026-08-02,103,1163469.0,6,False,0,1.337
3d958ebe-7815-418a-89fa-4fc5ae2be55f,2026-08-03,82,926257.0,0,False,1,0.51
3d958ebe-7815-418a-89fa-4fc5ae2be55f,2026-08-04,89,1005327.0,1,False,1,0.79
3d958ebe-7815-418a-89fa-4fc5ae2be55f,2026-08-05,104,1174764.0,2,False,0,0.0
3d958ebe-7815-418a-89fa-4fc5ae2be55f,2026-08-06,86,971440.0,3,False,1,1.839
3d958ebe-7815-418a-89fa-4fc5ae2be55f,2026-08-07,100,1129581.0,4,False,0,1.986
3d958ebe-7815-418a-89fa-4fc5ae2be55f,2026-08-08,116,1310314.0,5,False,1,1.924
3d958ebe-7815-418a-89fa-4fc5ae2be55f,2026-08-09,88,994031.0,6,False,0,2.55
3d958ebe-7815-418a-89fa-4fc5ae2be55f,2026-08-10,55,621270.0,0,False,3,2.645
3d958ebe-7815-418a-89fa-4fc5ae2be55f,2026-08-11,79,892369.0,1,False,0,1.562
3d958ebe-7815-418a-89fa-4fc5ae2be55f,2026-08-12,97,1095694.0,2,False,0,0.554
3d958ebe-7815-418a-89fa-4fc5ae2be55f,2026-08-13,64,722932.0,3,False,3,3.577
3d958ebe-7815-418a-89fa-4fc5ae2be55f,2026-08-14,100,1129581.0,4,False,1,2.024
3d958ebe-7815-418a-89fa-4fc5ae2be55f,2026-08-15,114,1287723.0,5,False,1,2.137
3d958ebe-7815-418a-89fa-4fc5ae2be55f,2026-08-16,88,994031.0,6,False,1,2.502
3d958ebe-7815-418a-89fa-4fc5ae2be55f,2026-08-17,73,824594.0,0,True,0,1.218
3d958ebe-7815-418a-89fa-4fc5ae2be55f,2026-08-18,82,926257.0,1,False,1,1.347
3d958ebe-7815-418a-89fa-4fc5ae2be55f,2026-08-19,69,779411.0,2,False,0,2.838
3d958ebe-7815-418a-89fa-4fc5ae2be55f,2026-08-20,82,926257.0,3,False,1,2.202
3d958ebe-7815-418a-89fa-4fc5ae2be55f,2026-08-21,101,1140877.0,4,False,0,1.882
3d958ebe-7815-418a-89fa-4fc5ae2be55f,2026-08-22,113,1276427.0,5,False,1,2.229
3d958ebe-7815-418a-89fa-4fc5ae2be55f,2026-08-23,83,937552.0,6,False,1,2.92
3d958ebe-7815-418a-89fa-4fc5ae2be55f,2026-08-24,60,677749.0,0,False,1,2.289
3d958ebe-7815-418a-89fa-4fc5ae2be55f,2026-08-25,99,1118285.0,1,True,0,0.0
3d958ebe-7815-418a-89fa-4fc5ae2be55f,2026-08-26,90,1016623.0,2,False,1,1.086
3d958ebe-7815-418a-89fa-4fc5ae2be55f,2026-08-27,99,1118285.0,3,False,0,0.81
3d958ebe-7815-418a-89fa-4fc5ae2be55f,2026-08-28,102,1152173.0,4,False,0,1.816
4104d7ec-c72e-4113-a8f4-73e1d11423b1,2026-05-31,136,3079305.0,6,False,1,0.0
4104d7ec-c72e-4113-a8f4-73e1d11423b1,2026-06-01,100,2264195.0,0,True,0,0.0
4104d7ec-c72e-4113-a8f4-73e1d11423b1,2026-06-02,112,2535899.0,1,False,2,0.0
4104d7ec-c72e-4113-a8f4-73e1d11423b1,2026-06-03,113,2558540.0,2,False,1,1.006
4104d7ec-c72e-4113-a8f4-73e1d11423b1,2026-06-04,93,2105701.0,3,False,3,6.119
4104d7ec-c72e-4113-a8f4-73e1d11423b1,2026-06-05,128,2898170.0,4,False,3,2.695
4104d7ec-c72e-4113-a8f4-73e1d11423b1,2026-06-06,151,3418935.0,5,False,1,1.63
4104d7ec-c72e-4113-a8f4-73e1d11423b1,2026-06-07,105,2377405.0,6,False,2,6.159
4104d7ec-c72e-4113-a8f4-73e1d11423b1,2026-06-08,77,1743430.0,0,False,0,4.654
4104d7ec-c72e-4113-a8f4-73e1d11423b1,2026-06-09,99,2241553.0,1,False,2,2.582
4104d7ec-c72e-4113-a8f4-73e1d11423b1,2026-06-10,89,2015134.0,2,False,3,5.791
4104d7ec-c72e-4113-a8f4-73e1d11423b1,2026-06-11,101,2286837.0,3,False,0,4.656
4104d7ec-c72e-4113-a8f4-73e1d11423b1,2026-06-12,122,2762318.0,4,False,2,3.972
4104d7ec-c72e-4113-a8f4-73e1d11423b1,2026-06-13,143,3237799.0,5,False,0,3.268
4104d7ec-c72e-4113-a8f4-73e1d11423b1,2026-06-14,120,2717034.0,6,False,0,3.15
4104d7ec-c72e-4113-a8f4-73e1d11423b1,2026-06-15,87,1969850.0,0,False,1,2.618
4104d7ec-c72e-4113-a8f4-73e1d11423b1,2026-06-16,101,2286837.0,1,True,3,2.193
4104d7ec-c72e-4113-a8f4-73e1d11423b1,2026-06-17,107,2422689.0,2,False,1,2.207
4104d7ec-c72e-4113-a8f4-73e1d11423b1,2026-06-18,106,2400047.0,3,False,0,3.661
4104d7ec-c72e-4113-a8f4-73e1d11423b1,2026-06-19,122,2762318.0,4,False,1,4.042
4104d7ec-c72e-4113-a8f4-73e1d11423b1,2026-06-20,154,3486860.0,5,False,2,1.041
4104d7ec-c72e-4113-a8f4-73e1d11423b1,2026-06-21,117,2649108.0,6,False,2,3.806
4104d7ec-c72e-4113-a8f4-73e1d11423b1,2026-06-22,91,2060418.0,0,False,1,1.946
4104d7ec-c72e-4113-a8f4-73e1d11423b1,2026-06-23,97,2196269.0,1,False,1,2.963
4104d7ec-c72e-4113-a8f4-73e1d11423b1,2026-06-24,97,2196269.0,2,False,1,4.234
4104d7ec-c72e-4113-a8f4-73e1d11423b1,2026-06-25,121,2739676.0,3,False,0,0.609
4104d7ec-c72e-4113-a8f4-73e1d11423b1,2026-06-26,142,3215157.0,4,False,0,0.0
4104d7ec-c72e-4113-a8f4-73e1d11423b1,2026-06-27,150,3396293.0,5,False,1,1.979
4104d7ec-c72e-4113-a8f4-73e1d11423b1,2026-06-28,126,2852886.0,6,False,3,1.993
4104d7ec-c72e-4113-a8f4-73e1d11423b1,2026-06-29,100,2264195.0,0,False,1,0.0
4104d7ec-c72e-4113-a8f4-73e1d11423b1,2026-06-30,112,2535899.0,1,False,0,0.0
4104d7ec-c72e-4113-a8f4-73e1d11423b1,2026-07-01,118,2671750.0,2,False,0,0.0
4104d7ec-c72e-4113-a8f4-73e1d11423b1,2026-07-02,124,2807602.0,3,False,1,0.0
4104d7ec-c72e-4113-a8f4-73e1d11423b1,2026-07-03,142,3215157.0,4,False,1,0.0
4104d7ec-c72e-4113-a8f4-73e1d11423b1,2026-07-04,147,3328367.0,5,False,2,2.573
4104d7ec-c72e-4113-a8f4-73e1d11423b1,2026-07-05,127,2875528.0,6,False,1,1.83
4104d7ec-c72e-4113-a8f4-73e1d11423b1,2026-07-06,77,1743430.0,0,False,1,4.636
4104d7ec-c72e-4113-a8f4-73e1d11423b1,2026-07-07,103,2332121.0,1,False,2,1.807
4104d7ec-c72e-4113-a8f4-73e1d11423b1,2026-07-08,106,2400047.0,2,False,0,2.461
4104d7ec-c72e-4113-a8f4-73e1d11423b1,2026-07-09,106,2400047.0,3,False,1,3.535
4104d7ec-c72e-4113-a8f4-73e1d11423b1,2026-07-10,118,2671750.0,4,False,2,4.76
4104d7ec-c72e-4113-a8f4-73e1d11423b1,2026-07-11,146,3305725.0,5,False,0,2.76
4104d7ec-c72e-4113-a8f4-73e1d11423b1,2026-07-12,121,2739676.0,6,False,1,2.933
4104d7ec-c72e-4113-a8f4-73e1d11423b1,2026-07-13,89,2015134.0,0,False,1,2.191
4104d7ec-c72e-4113-a8f4-73e1d11423b1,2026-07-14,92,2083059.0,1,False,1,4.025
4104d7ec-c72e-4113-a8f4-73e1d11423b1,2026-07-15,102,2309479.0,2,False,1,3.256
4104d7ec-c72e-4113-a8f4-73e1d11423b1,2026-07-16,107,2422689.0,3,False,1,3.376
4104d7ec-c72e-4113-a8f4-73e1d11423b1,2026-07-17,139,3147231.0,4,False,1,0.63
4104d7ec-c72e-4113-a8f4-73e1d11423b1,2026-07-18,130,2943454.0,5,False,0,5.878
4104d7ec-c72e-4113-a8f4-73e1d11423b1,2026-07-19,135,3056663.0,6,False,0,0.214
4104d7ec-c72e-4113-a8f4-73e1d11423b1,2026-07-20,88,1992492.0,0,False,0,2.42
4104d7ec-c72e-4113-a8f4-73e1d11423b1,2026-07-21,101,2286837.0,1,False,0,2.154
4104d7ec-c72e-4113-a8f4-73e1d11423b1,2026-07-22,111,2513257.0,2,False,1,1.491
4104d7ec-c72e-4113-a8f4-73e1d11423b1,2026-07-23,116,2626466.0,3,False,0,1.657
4104d7ec-c72e-4113-a8f4-73e1d11423b1,2026-07-24,113,2558540.0,4,False,1,5.732
4104d7ec-c72e-4113-a8f4-73e1d11423b1,2026-07-25,159,3600070.0,5,False,0,0.144
4104d7ec-c72e-4113-a8f4-73e1d11423b1,2026-07-26,121,2739676.0,6,False,1,2.899
4104d7ec-c72e-4113-a8f4-73e1d11423b1,2026-07-27,70,1584937.0,0,False,3,6.129
4104d7ec-c72e-4113-a8f4-73e1d11423b1,2026-07-28,111,2513257.0,1,False,1,0.319
4104d7ec-c72e-4113-a8f4-73e1d11423b1,2026-07-29,118,2671750.0,2,False,2,0.0
4104d7ec-c72e-4113-a8f4-73e1d11423b1,2026-07-30,124,2807602.0,3,False,2,0.0
4104d7ec-c72e-4113-a8f4-73e1d11423b1,2026-07-31,142,3215157.0,4,False,0,0.0
4104d7ec-c72e-4113-a8f4-73e1d11423b1,2026-08-01,157,3554786.0,5,False,0,0.447
4104d7ec-c72e-4113-a8f4-73e1d11423b1,2026-08-02,136,3079305.0,6,False,0,0.0
4104d7ec-c72e-4113-a8f4-73e1d11423b1,2026-08-03,86,1947208.0,0,False,0,2.863
4104d7ec-c72e-4113-a8f4-73e1d11423b1,2026-08-04,110,2490615.0,1,False,2,0.449
4104d7ec-c72e-4113-a8f4-73e1d11423b1,2026-08-05,111,2513257.0,2,False,0,1.389
4104d7ec-c72e-4113-a8f4-73e1d11423b1,2026-08-06,102,2309479.0,3,False,1,4.496
4104d7ec-c72e-4113-a8f4-73e1d11423b1,2026-08-07,126,2852886.0,4,False,2,3.097
4104d7ec-c72e-4113-a8f4-73e1d11423b1,2026-08-08,144,3260441.0,5,False,0,3.043
4104d7ec-c72e-4113-a8f4-73e1d11423b1,2026-08-09,114,2581182.0,6,False,0,4.351
4104d7ec-c72e-4113-a8f4-73e1d11423b1,2026-08-10,90,2037776.0,0,False,0,2.041
4104d7ec-c72e-4113-a8f4-73e1d11423b1,2026-08-11,89,2015134.0,1,False,3,4.69
4104d7ec-c72e-4113-a8f4-73e1d11423b1,2026-08-12,111,2513257.0,2,False,1,1.34
4104d7ec-c72e-4113-a8f4-73e1d11423b1,2026-08-13,94,2128343.0,3,False,3,6.088
4104d7ec-c72e-4113-a8f4-73e1d11423b1,2026-08-14,125,2830244.0,4,False,1,3.455
4104d7ec-c72e-4113-a8f4-73e1d11423b1,2026-08-15,143,3237799.0,5,False,1,3.342
4104d7ec-c72e-4113-a8f4-73e1d11423b1,2026-08-16,132,2988738.0,6,False,0,0.708
4104d7ec-c72e-4113-a8f4-73e1d11423b1,2026-08-17,100,2264195.0,0,True,0,0.0
4104d7ec-c72e-4113-a8f4-73e1d11423b1,2026-08-18,99,2241553.0,1,False,0,2.666
4104d7ec-c72e-4113-a8f4-73e1d11423b1,2026-08-19,102,2309479.0,2,False,1,3.246
4104d7ec-c72e-4113-a8f4-73e1d11423b1,2026-08-20,104,2354763.0,3,False,2,4.089
4104d7ec-c72e-4113-a8f4-73e1d11423b1,2026-08-21,117,2649108.0,4,False,0,4.994
4104d7ec-c72e-4113-a8f4-73e1d11423b1,2026-08-22,119,2694392.0,5,False,0,8.008
4104d7ec-c72e-4113-a8f4-73e1d11423b1,2026-08-23,105,2377405.0,6,False,1,6.122
4104d7ec-c72e-4113-a8f4-73e1d11423b1,2026-08-24,91,2060418.0,0,False,2,1.987
4104d7ec-c72e-4113-a8f4-73e1d11423b1,2026-08-25,112,2535899.0,1,True,0,0.0
4104d7ec-c72e-4113-a8f4-73e1d11423b1,2026-08-26,118,2671750.0,2,False,1,0.004
4104d7ec-c72e-4113-a8f4-73e1d11423b1,2026-08-27,123,2784960.0,3,False,0,0.141
4104d7ec-c72e-4113-a8f4-73e1d11423b1,2026-08-28,121,2739676.0,4,False,0,4.169
50538e17-de71-47ab-9704-a0c0be6d16af,2026-05-31,101,1506687.0,6,False,1,0.0
50538e17-de71-47ab-9704-a0c0be6d16af,2026-06-01,75,1118827.0,0,True,1,0.0
50538e17-de71-47ab-9704-a0c0be6d16af,2026-06-02,84,1253086.0,1,False,1,0.0
50538e17-de71-47ab-9704-a0c0be6d16af,2026-06-03,88,1312757.0,2,False,0,0.0
50538e17-de71-47ab-9704-a0c0be6d16af,2026-06-04,92,1372428.0,3,False,0,0.0
50538e17-de71-47ab-9704-a0c0be6d16af,2026-06-05,102,1521605.0,4,False,2,1.126
50538e17-de71-47ab-9704-a0c0be6d16af,2026-06-06,89,1327675.0,5,False,3,10.566
50538e17-de71-47ab-9704-a0c0be6d16af,2026-06-07,95,1417181.0,6,False,0,2.2
50538e17-de71-47ab-9704-a0c0be6d16af,2026-06-08,65,969650.0,0,False,0,3.415
50538e17-de71-47ab-9704-a0c0be6d16af,2026-06-09,79,1178498.0,1,False,1,1.67
50538e17-de71-47ab-9704-a0c0be6d16af,2026-06-10,81,1208333.0,2,False,1,2.315
50538e17-de71-47ab-9704-a0c0be6d16af,2026-06-11,71,1059156.0,3,False,0,7.362
50538e17-de71-47ab-9704-a0c0be6d16af,2026-06-12,94,1402263.0,4,False,2,4.176
50538e17-de71-47ab-9704-a0c0be6d16af,2026-06-13,117,1745370.0,5,False,1,0.657
50538e17-de71-47ab-9704-a0c0be6d16af,2026-06-14,95,1417181.0,6,False,0,1.999
50538e17-de71-47ab-9704-a0c0be6d16af,2026-06-15,64,954732.0,0,False,1,3.713
50538e17-de71-47ab-9704-a0c0be6d16af,2026-06-16,84,1253086.0,1,True,2,0.0
50538e17-de71-47ab-9704-a0c0be6d16af,2026-06-17,75,1118827.0,2,False,3,4.555
50538e17-de71-47ab-9704-a0c0be6d16af,2026-06-18,72,1074074.0,3,False,1,7.113
50538e17-de71-47ab-9704-a0c0be6d16af,2026-06-19,75,1118827.0,4,False,0,10.871
50538e17-de71-47ab-9704-a0c0be6d16af,2026-06-20,115,1715535.0,5,False,1,1.447
50538e17-de71-47ab-9704-a0c0be6d16af,2026-06-21,87,1297839.0,6,False,2,4.919
50538e17-de71-47ab-9704-a0c0be6d16af,2026-06-22,68,1014403.0,0,False,2,2.336
50538e17-de71-47ab-9704-a0c0be6d16af,2026-06-23,76,1133745.0,1,False,1,2.823
50538e17-de71-47ab-9704-a0c0be6d16af,2026-06-24,76,1133745.0,2,False,1,4.251
50538e17-de71-47ab-9704-a0c0be6d16af,2026-06-25,88,1312757.0,3,False,0,1.419
50538e17-de71-47ab-9704-a0c0be6d16af,2026-06-26,106,1581276.0,4,False,2,0.0
50538e17-de71-47ab-9704-a0c0be6d16af,2026-06-27,118,1760288.0,5,False,1,0.202
50538e17-de71-47ab-9704-a0c0be6d16af,2026-06-28,93,1387345.0,6,False,3,2.987
50538e17-de71-47ab-9704-a0c0be6d16af,2026-06-29,75,1118827.0,0,False,0,0.0
50538e17-de71-47ab-9704-a0c0be6d16af,2026-06-30,84,1253086.0,1,False,1,0.0
50538e17-de71-47ab-9704-a0c0be6d16af,2026-07-01,88,1312757.0,2,False,2,0.0
50538e17-de71-47ab-9704-a0c0be6d16af,2026-07-02,87,1297839.0,3,False,2,1.987
50538e17-de71-47ab-9704-a0c0be6d16af,2026-07-03,103,1536522.0,4,False,1,0.728
50538e17-de71-47ab-9704-a0c0be6d16af,2026-07-04,119,1775206.0,5,False,0,0.0
50538e17-de71-47ab-9704-a0c0be6d16af,2026-07-05,91,1357510.0,6,False,0,3.589
50538e17-de71-47ab-9704-a0c0be6d16af,2026-07-06,71,1059156.0,0,False,0,1.19
50538e17-de71-47ab-9704-a0c0be6d16af,2026-07-07,71,1059156.0,1,False,0,4.396
50538e17-de71-47ab-9704-a0c0be6d16af,2026-07-08,71,1059156.0,2,False,0,5.982
50538e17-de71-47ab-9704-a0c0be6d16af,2026-07-09,83,1238169.0,3,False,0,3.28
50538e17-de71-47ab-9704-a0c0be6d16af,2026-07-10,87,1297839.0,4,False,0,6.522
50538e17-de71-47ab-9704-a0c0be6d16af,2026-07-11,94,1402263.0,5,False,2,8.54
50538e17-de71-47ab-9704-a0c0be6d16af,2026-07-12,87,1297839.0,6,False,2,4.919
50538e17-de71-47ab-9704-a0c0be6d16af,2026-07-13,54,805555.0,0,False,3,7.283
50538e17-de71-47ab-9704-a0c0be6d16af,2026-07-14,61,909979.0,1,False,3,7.93
50538e17-de71-47ab-9704-a0c0be6d16af,2026-07-15,80,1193415.0,2,False,1,2.804
50538e17-de71-47ab-9704-a0c0be6d16af,2026-07-16,79,1178498.0,3,False,3,4.721
50538e17-de71-47ab-9704-a0c0be6d16af,2026-07-17,95,1417181.0,4,False,1,3.756
50538e17-de71-47ab-9704-a0c0be6d16af,2026-07-18,115,1715535.0,5,False,0,1.151
50538e17-de71-47ab-9704-a0c0be6d16af,2026-07-19,93,1387345.0,6,False,0,2.96
50538e17-de71-47ab-9704-a0c0be6d16af,2026-07-20,73,1088992.0,0,False,0,0.538
50538e17-de71-47ab-9704-a0c0be6d16af,2026-07-21,84,1253086.0,1,False,1,0.0
50538e17-de71-47ab-9704-a0c0be6d16af,2026-07-22,84,1253086.0,2,False,0,1.563
50538e17-de71-47ab-9704-a0c0be6d16af,2026-07-23,85,1268004.0,3,False,2,2.449
50538e17-de71-47ab-9704-a0c0be6d16af,2026-07-24,92,1372428.0,4,False,0,4.62
50538e17-de71-47ab-9704-a0c0be6d16af,2026-07-25,115,1715535.0,5,False,3,1.305
50538e17-de71-47ab-9704-a0c0be6d16af,2026-07-26,83,1238169.0,6,False,1,6.352
50538e17-de71-47ab-9704-a0c0be6d16af,2026-07-27,68,1014403.0,0,False,0,2.448
50538e17-de71-47ab-9704-a0c0be6d16af,2026-07-28,84,1253086.0,1,False,0,0.0
50538e17-de71-47ab-9704-a0c0be6d16af,2026-07-29,77,1148662.0,2,False,0,4.001
50538e17-de71-47ab-9704-a0c0be6d16af,2026-07-30,87,1297839.0,3,False,2,1.863
50538e17-de71-47ab-9704-a0c0be6d16af,2026-07-31,106,1581276.0,4,False,0,0.0
50538e17-de71-47ab-9704-a0c0be6d16af,2026-08-01,119,1775206.0,5,False,1,0.0
50538e17-de71-47ab-9704-a0c0be6d16af,2026-08-02,101,1506687.0,6,False,2,0.0
50538e17-de71-47ab-9704-a0c0be6d16af,2026-08-03,75,1118827.0,0,False,1,0.0
50538e17-de71-47ab-9704-a0c0be6d16af,2026-08-04,84,1253086.0,1,False,0,0.0
50538e17-de71-47ab-9704-a0c0be6d16af,2026-08-05,88,1312757.0,2,False,2,0.0
50538e17-de71-47ab-9704-a0c0be6d16af,2026-08-06,79,1178498.0,3,False,2,4.768
50538e17-de71-47ab-9704-a0c0be6d16af,2026-08-07,85,1268004.0,4,False,3,7.366
50538e17-de71-47ab-9704-a0c0be6d16af,2026-08-08,102,1521605.0,5,False,0,5.937
50538e17-de71-47ab-9704-a0c0be6d16af,2026-08-09,82,1223251.0,6,False,1,6.607
50538e17-de71-47ab-9704-a0c0be6d16af,2026-08-10,73,1088992.0,0,False,2,0.667
50538e17-de71-47ab-9704-a0c0be6d16af,2026-08-11,73,1088992.0,1,False,1,3.723
50538e17-de71-47ab-9704-a0c0be6d16af,2026-08-12,88,1312757.0,2,False,0,0.0
50538e17-de71-47ab-9704-a0c0be6d16af,2026-08-13,84,1253086.0,3,False,1,3.095
50538e17-de71-47ab-9704-a0c0be6d16af,2026-08-14,86,1282922.0,4,False,1,6.756
50538e17-de71-47ab-9704-a0c0be6d16af,2026-08-15,93,1387345.0,5,False,1,8.849
50538e17-de71-47ab-9704-a0c0be6d16af,2026-08-16,87,1297839.0,6,False,1,4.809
50538e17-de71-47ab-9704-a0c0be6d16af,2026-08-17,70,1044239.0,0,True,1,1.565
50538e17-de71-47ab-9704-a0c0be6d16af,2026-08-18,77,1148662.0,1,False,0,2.348
50538e17-de71-47ab-9704-a0c0be6d16af,2026-08-19,81,1208333.0,2,False,1,2.509
50538e17-de71-47ab-9704-a0c0be6d16af,2026-08-20,91,1357510.0,3,False,2,0.607
50538e17-de71-47ab-9704-a0c0be6d16af,2026-08-21,94,1402263.0,4,False,2,4.223
50538e17-de71-47ab-9704-a0c0be6d16af,2026-08-22,108,1611111.0,5,False,1,3.922
50538e17-de71-47ab-9704-a0c0be6d16af,2026-08-23,90,1342592.0,6,False,0,4.033
50538e17-de71-47ab-9704-a0c0be6d16af,2026-08-24,68,1014403.0,0,False,2,2.2
50538e17-de71-47ab-9704-a0c0be6d16af,2026-08-25,84,1253086.0,1,True,2,0.0
50538e17-de71-47ab-9704-a0c0be6d16af,2026-08-26,88,1312757.0,2,False,0,0.0
50538e17-de71-47ab-9704-a0c0be6d16af,2026-08-27,86,1282922.0,3,False,0,2.181
50538e17-de71-47ab-9704-a0c0be6d16af,2026-08-28,103,1536522.0,4,False,3,0.914
5976bc40-907c-4214-a14d-c2392637674b,2026-05-31,120,2729950.0,6,False,1,0.0
5976bc40-907c-4214-a14d-c2392637674b,2026-06-01,88,2001964.0,0,True,3,0.0
5976bc40-907c-4214-a14d-c2392637674b,2026-06-02,94,2138461.0,1,False,2,0.998
5976bc40-907c-4214-a14d-c2392637674b,2026-06-03,104,2365957.0,2,False,0,0.0
5976bc40-907c-4214-a14d-c2392637674b,2026-06-04,103,2343208.0,3,False,3,1.293
5976bc40-907c-4214-a14d-c2392637674b,2026-06-05,113,2570703.0,4,False,1,2.444
5976bc40-907c-4214-a14d-c2392637674b,2026-06-06,126,2866448.0,5,False,0,2.792
5976bc40-907c-4214-a14d-c2392637674b,2026-06-07,103,2343208.0,6,False,0,3.418
5976bc40-907c-4214-a14d-c2392637674b,2026-06-08,86,1956465.0,0,False,1,0.541
5976bc40-907c-4214-a14d-c2392637674b,2026-06-09,76,1728969.0,1,False,1,4.642
5976bc40-907c-4214-a14d-c2392637674b,2026-06-10,92,2092962.0,2,False,0,2.347
5976bc40-907c-4214-a14d-c2392637674b,2026-06-11,89,2024713.0,3,False,0,3.95
5976bc40-907c-4214-a14d-c2392637674b,2026-06-12,114,2593453.0,4,False,0,2.142
5976bc40-907c-4214-a14d-c2392637674b,2026-06-13,119,2707201.0,5,False,1,4.37
5976bc40-907c-4214-a14d-c2392637674b,2026-06-14,112,2547954.0,6,False,0,1.516
5976bc40-907c-4214-a14d-c2392637674b,2026-06-15,82,1865466.0,0,False,1,1.247
5976bc40-907c-4214-a14d-c2392637674b,2026-06-16,99,2252209.0,1,True,0,0.0
5976bc40-907c-4214-a14d-c2392637674b,2026-06-17,86,1956465.0,2,False,2,3.61
5976bc40-907c-4214-a14d-c2392637674b,2026-06-18,92,2092962.0,3,False,1,3.382
5976bc40-907c-4214-a14d-c2392637674b,2026-06-19,103,2343208.0,4,False,0,4.283
5976bc40-907c-4214-a14d-c2392637674b,2026-06-20,112,2547954.0,5,False,1,5.733
5976bc40-907c-4214-a14d-c2392637674b,2026-06-21,77,1751718.0,6,False,3,8.472
5976bc40-907c-4214-a14d-c2392637674b,2026-06-22,70,1592471.0,0,False,0,3.648
5976bc40-907c-4214-a14d-c2392637674b,2026-06-23,84,1910965.0,1,False,0,2.88
5976bc40-907c-4214-a14d-c2392637674b,2026-06-24,83,1888216.0,2,False,3,4.211
5976bc40-907c-4214-a14d-c2392637674b,2026-06-25,109,2479705.0,3,False,1,0.0
5976bc40-907c-4214-a14d-c2392637674b,2026-06-26,125,2843698.0,4,False,0,0.0
5976bc40-907c-4214-a14d-c2392637674b,2026-06-27,140,3184942.0,5,False,0,0.0
5976bc40-907c-4214-a14d-c2392637674b,2026-06-28,100,2274959.0,6,False,0,3.826
5976bc40-907c-4214-a14d-c2392637674b,2026-06-29,69,1569722.0,0,False,3,3.842
5976bc40-907c-4214-a14d-c2392637674b,2026-06-30,94,2138461.0,1,False,0,0.893
5976bc40-907c-4214-a14d-c2392637674b,2026-07-01,103,2343208.0,2,False,1,0.236
5976bc40-907c-4214-a14d-c2392637674b,2026-07-02,106,2411456.0,3,False,2,0.552
5976bc40-907c-4214-a14d-c2392637674b,2026-07-03,124,2820949.0,4,False,2,0.233
5976bc40-907c-4214-a14d-c2392637674b,2026-07-04,136,3093944.0,5,False,1,0.832
5976bc40-907c-4214-a14d-c2392637674b,2026-07-05,105,2388707.0,6,False,0,3.007
5976bc40-907c-4214-a14d-c2392637674b,2026-07-06,85,1933715.0,0,False,0,0.682
5976bc40-907c-4214-a14d-c2392637674b,2026-07-07,89,2024713.0,1,False,2,1.997
5976bc40-907c-4214-a14d-c2392637674b,2026-07-08,79,1797217.0,2,False,2,5.037
5976bc40-907c-4214-a14d-c2392637674b,2026-07-09,98,2229460.0,3,False,0,2.279
5976bc40-907c-4214-a14d-c2392637674b,2026-07-10,96,2183960.0,4,False,0,5.777
5976bc40-907c-4214-a14d-c2392637674b,2026-07-11,119,2707201.0,5,False,0,4.225
5976bc40-907c-4214-a14d-c2392637674b,2026-07-12,96,2183960.0,6,False,1,4.659
5976bc40-907c-4214-a14d-c2392637674b,2026-07-13,75,1706219.0,0,False,0,2.67
5976bc40-907c-4214-a14d-c2392637674b,2026-07-14,68,1546972.0,1,False,1,6.24
5976bc40-907c-4214-a14d-c2392637674b,2026-07-15,81,1842717.0,2,False,0,4.564
5976bc40-907c-4214-a14d-c2392637674b,2026-07-16,102,2320458.0,3,False,0,1.446
5976bc40-907c-4214-a14d-c2392637674b,2026-07-17,104,2365957.0,4,False,0,4.243
5976bc40-907c-4214-a14d-c2392637674b,2026-07-18,117,2661702.0,5,False,0,4.626
5976bc40-907c-4214-a14d-c2392637674b,2026-07-19,98,2229460.0,6,False,1,4.327
5976bc40-907c-4214-a14d-c2392637674b,2026-07-20,70,1592471.0,0,False,3,3.67
5976bc40-907c-4214-a14d-c2392637674b,2026-07-21,74,1683469.0,1,False,3,5.057
5976bc40-907c-4214-a14d-c2392637674b,2026-07-22,98,2229460.0,2,False,0,1.228
5976bc40-907c-4214-a14d-c2392637674b,2026-07-23,91,2070212.0,3,False,1,3.706
5976bc40-907c-4214-a14d-c2392637674b,2026-07-24,99,2252209.0,4,False,1,5.188
5976bc40-907c-4214-a14d-c2392637674b,2026-07-25,133,3025695.0,5,False,0,1.451
5976bc40-907c-4214-a14d-c2392637674b,2026-07-26,111,2525204.0,6,False,0,1.766
5976bc40-907c-4214-a14d-c2392637674b,2026-07-27,84,1910965.0,0,False,1,0.798
5976bc40-907c-4214-a14d-c2392637674b,2026-07-28,84,1910965.0,1,False,0,2.954
5976bc40-907c-4214-a14d-c2392637674b,2026-07-29,104,2365957.0,2,False,2,0.0
5976bc40-907c-4214-a14d-c2392637674b,2026-07-30,109,2479705.0,3,False,2,0.0
5976bc40-907c-4214-a14d-c2392637674b,2026-07-31,125,2843698.0,4,False,0,0.0
5976bc40-907c-4214-a14d-c2392637674b,2026-08-01,113,2570703.0,5,False,3,5.484
5976bc40-907c-4214-a14d-c2392637674b,2026-08-02,115,2616203.0,6,False,1,0.826
5976bc40-907c-4214-a14d-c2392637674b,2026-08-03,74,1683469.0,0,False,0,2.98
5976bc40-907c-4214-a14d-c2392637674b,2026-08-04,99,2252209.0,1,False,2,0.0
5976bc40-907c-4214-a14d-c2392637674b,2026-08-05,98,2229460.0,2,False,3,1.269
5976bc40-907c-4214-a14d-c2392637674b,2026-08-06,94,2138461.0,3,False,1,3.12
5976bc40-907c-4214-a14d-c2392637674b,2026-08-07,110,2502455.0,4,False,1,2.988
5976bc40-907c-4214-a14d-c2392637674b,2026-08-08,130,2957446.0,5,False,1,1.998
5976bc40-907c-4214-a14d-c2392637674b,2026-08-09,113,2570703.0,6,False,2,1.231
5976bc40-907c-4214-a14d-c2392637674b,2026-08-10,82,1865466.0,0,False,0,1.273
5976bc40-907c-4214-a14d-c2392637674b,2026-08-11,82,1865466.0,1,False,1,3.377
5976bc40-907c-4214-a14d-c2392637674b,2026-08-12,95,2161211.0,2,False,0,1.835
5976bc40-907c-4214-a14d-c2392637674b,2026-08-13,96,2183960.0,3,False,2,2.683
5976bc40-907c-4214-a14d-c2392637674b,2026-08-14,111,2525204.0,4,False,1,2.819
5976bc40-907c-4214-a14d-c2392637674b,2026-08-15,118,2684451.0,5,False,1,4.392
5976bc40-907c-4214-a14d-c2392637674b,2026-08-16,104,2365957.0,6,False,0,3.142
5976bc40-907c-4214-a14d-c2392637674b,2026-08-17,88,2001964.0,0,True,1,0.0
5976bc40-907c-4214-a14d-c2392637674b,2026-08-18,93,2115712.0,1,False,2,1.086
5976bc40-907c-4214-a14d-c2392637674b,2026-08-19,96,2183960.0,2,False,2,1.503
5976bc40-907c-4214-a14d-c2392637674b,2026-08-20,96,2183960.0,3,False,1,2.607
5976bc40-907c-4214-a14d-c2392637674b,2026-08-21,92,2092962.0,4,False,2,6.575
5976bc40-907c-4214-a14d-c2392637674b,2026-08-22,132,3002946.0,5,False,0,1.657
5976bc40-907c-4214-a14d-c2392637674b,2026-08-23,119,2707201.0,6,False,2,0.137
5976bc40-907c-4214-a14d-c2392637674b,2026-08-24,72,1637970.0,0,False,0,3.381
5976bc40-907c-4214-a14d-c2392637674b,2026-08-25,99,2252209.0,1,True,1,0.0
5976bc40-907c-4214-a14d-c2392637674b,2026-08-26,85,1933715.0,2,False,3,3.805
5976bc40-907c-4214-a14d-c2392637674b,2026-08-27,81,1842717.0,3,False,3,5.546
5976bc40-907c-4214-a14d-c2392637674b,2026-08-28,125,2843698.0,4,False,0,0.037
613e0ea4-31e8-4a6c-b860-e8817315eee1,2026-05-31,163,1776079.0,6,False,0,0.555
613e0ea4-31e8-4a6c-b860-e8817315eee1,2026-06-01,126,1372920.0,0,True,2,0.0
613e0ea4-31e8-4a6c-b860-e8817315eee1,2026-06-02,130,1416505.0,1,False,0,0.819
613e0ea4-31e8-4a6c-b860-e8817315eee1,2026-06-03,133,1449193.0,2,False,1,1.195
613e0ea4-31e8-4a6c-b860-e8817315eee1,2026-06-04,142,1547259.0,3,False,1,1.079
613e0ea4-31e8-4a6c-b860-e8817315eee1,2026-06-05,154,1678013.0,4,False,2,1.859
613e0ea4-31e8-4a6c-b860-e8817315eee1,2026-06-06,171,1863249.0,5,False,0,2.311
613e0ea4-31e8-4a6c-b860-e8817315eee1,2026-06-07,138,1503674.0,6,False,0,2.614
613e0ea4-31e8-4a6c-b860-e8817315eee1,2026-06-08,87,947969.0,0,False,2,3.112
613e0ea4-31e8-4a6c-b860-e8817315eee1,2026-06-09,112,1220373.0,1,False,0,2.292
613e0ea4-31e8-4a6c-b860-e8817315eee1,2026-06-10,117,1274854.0,2,False,0,2.452
613e0ea4-31e8-4a6c-b860-e8817315eee1,2026-06-11,125,1362024.0,3,False,0,2.443
613e0ea4-31e8-4a6c-b860-e8817315eee1,2026-06-12,145,1579948.0,4,False,2,2.58
613e0ea4-31e8-4a6c-b860-e8817315eee1,2026-06-13,161,1754287.0,5,False,1,3.086
613e0ea4-31e8-4a6c-b860-e8817315eee1,2026-06-14,135,1470986.0,6,False,0,2.82
613e0ea4-31e8-4a6c-b860-e8817315eee1,2026-06-15,88,958865.0,0,False,1,3.012
613e0ea4-31e8-4a6c-b860-e8817315eee1,2026-06-16,141,1536363.0,1,True,1,0.0
613e0ea4-31e8-4a6c-b860-e8817315eee1,2026-06-17,126,1372920.0,2,False,2,1.774
613e0ea4-31e8-4a6c-b860-e8817315eee1,2026-06-18,139,1514570.0,3,False,2,1.312
613e0ea4-31e8-4a6c-b860-e8817315eee1,2026-06-19,140,1525467.0,4,False,2,2.988
613e0ea4-31e8-4a6c-b860-e8817315eee1,2026-06-20,155,1688909.0,5,False,2,3.57
613e0ea4-31e8-4a6c-b860-e8817315eee1,2026-06-21,127,1383816.0,6,False,0,3.466
613e0ea4-31e8-4a6c-b860-e8817315eee1,2026-06-22,97,1056930.0,0,False,0,2.305
613e0ea4-31e8-4a6c-b860-e8817315eee1,2026-06-23,107,1165892.0,1,False,2,2.688
613e0ea4-31e8-4a6c-b860-e8817315eee1,2026-06-24,117,1274854.0,2,False,1,2.452
613e0ea4-31e8-4a6c-b860-e8817315eee1,2026-06-25,136,1481882.0,3,False,2,1.577
613e0ea4-31e8-4a6c-b860-e8817315eee1,2026-06-26,176,1917729.0,4,False,0,0.162
613e0ea4-31e8-4a6c-b860-e8817315eee1,2026-06-27,173,1885041.0,5,False,2,2.167
613e0ea4-31e8-4a6c-b860-e8817315eee1,2026-06-28,143,1558155.0,6,False,2,2.188
613e0ea4-31e8-4a6c-b860-e8817315eee1,2026-06-29,112,1220373.0,0,False,0,1.107
613e0ea4-31e8-4a6c-b860-e8817315eee1,2026-06-30,134,1460089.0,1,False,0,0.499
613e0ea4-31e8-4a6c-b860-e8817315eee1,2026-07-01,131,1427401.0,2,False,0,1.325
613e0ea4-31e8-4a6c-b860-e8817315eee1,2026-07-02,143,1558155.0,3,False,0,0.983
613e0ea4-31e8-4a6c-b860-e8817315eee1,2026-07-03,152,1656221.0,4,False,0,2.027
613e0ea4-31e8-4a6c-b860-e8817315eee1,2026-07-04,164,1786975.0,5,False,3,2.849
613e0ea4-31e8-4a6c-b860-e8817315eee1,2026-07-05,149,1623532.0,6,False,1,1.73
613e0ea4-31e8-4a6c-b860-e8817315eee1,2026-07-06,110,1198581.0,0,False,0,1.303
613e0ea4-31e8-4a6c-b860-e8817315eee1,2026-07-07,102,1111411.0,1,False,3,3.127
613e0ea4-31e8-4a6c-b860-e8817315eee1,2026-07-08,130,1416505.0,2,False,1,1.465
613e0ea4-31e8-4a6c-b860-e8817315eee1,2026-07-09,126,1372920.0,3,False,1,2.39
613e0ea4-31e8-4a6c-b860-e8817315eee1,2026-07-10,156,1699806.0,4,False,1,1.709
613e0ea4-31e8-4a6c-b860-e8817315eee1,2026-07-11,142,1547259.0,5,False,3,4.647
613e0ea4-31e8-4a6c-b860-e8817315eee1,2026-07-12,156,1699806.0,6,False,0,1.143
613e0ea4-31e8-4a6c-b860-e8817315eee1,2026-07-13,109,1187685.0,0,False,1,1.378
613e0ea4-31e8-4a6c-b860-e8817315eee1,2026-07-14,129,1405609.0,1,False,0,0.922
613e0ea4-31e8-4a6c-b860-e8817315eee1,2026-07-15,97,1056930.0,2,False,3,4.101
613e0ea4-31e8-4a6c-b860-e8817315eee1,2026-07-16,137,1492778.0,3,False,0,1.442
613e0ea4-31e8-4a6c-b860-e8817315eee1,2026-07-17,148,1612636.0,4,False,0,2.369
613e0ea4-31e8-4a6c-b860-e8817315eee1,2026-07-18,143,1558155.0,5,False,3,4.532
613e0ea4-31e8-4a6c-b860-e8817315eee1,2026-07-19,120,1307543.0,6,False,3,4.041
613e0ea4-31e8-4a6c-b860-e8817315eee1,2026-07-20,101,1100515.0,0,False,1,1.976
613e0ea4-31e8-4a6c-b860-e8817315eee1,2026-07-21,112,1220373.0,1,False,0,2.311
613e0ea4-31e8-4a6c-b860-e8817315eee1,2026-07-22,95,1035138.0,2,False,3,4.264
613e0ea4-31e8-4a6c-b860-e8817315eee1,2026-07-23,124,1351128.0,3,False,3,2.533
613e0ea4-31e8-4a6c-b860-e8817315eee1,2026-07-24,153,1667117.0,4,False,2,1.944
613e0ea4-31e8-4a6c-b860-e8817315eee1,2026-07-25,163,1776079.0,5,False,0,2.981
613e0ea4-31e8-4a6c-b860-e8817315eee1,2026-07-26,150,1634429.0,6,False,1,1.64
613e0ea4-31e8-4a6c-b860-e8817315eee1,2026-07-27,113,1231269.0,0,False,2,1.02
613e0ea4-31e8-4a6c-b860-e8817315eee1,2026-07-28,134,1460089.0,1,False,2,0.535
613e0ea4-31e8-4a6c-b860-e8817315eee1,2026-07-29,140,1525467.0,2,False,0,0.624
613e0ea4-31e8-4a6c-b860-e8817315eee1,2026-07-30,136,1481882.0,3,False,0,1.575
613e0ea4-31e8-4a6c-b860-e8817315eee1,2026-07-31,136,1481882.0,4,False,2,3.312
613e0ea4-31e8-4a6c-b860-e8817315eee1,2026-08-01,163,1776079.0,5,False,1,2.956
613e0ea4-31e8-4a6c-b860-e8817315eee1,2026-08-02,168,1830560.0,6,False,1,0.157
613e0ea4-31e8-4a6c-b860-e8817315eee1,2026-08-03,120,1307543.0,0,False,0,0.444
613e0ea4-31e8-4a6c-b860-e8817315eee1,2026-08-04,136,1481882.0,1,False,0,0.401
613e0ea4-31e8-4a6c-b860-e8817315eee1,2026-08-05,117,1274854.0,2,False,1,2.467
613e0ea4-31e8-4a6c-b860-e8817315eee1,2026-08-06,147,1601740.0,3,False,1,0.639
613e0ea4-31e8-4a6c-b860-e8817315eee1,2026-08-07,140,1525467.0,4,False,0,3.001
613e0ea4-31e8-4a6c-b860-e8817315eee1,2026-08-08,163,1776079.0,5,False,0,2.919
613e0ea4-31e8-4a6c-b860-e8817315eee1,2026-08-09,137,1492778.0,6,False,0,2.675
613e0ea4-31e8-4a6c-b860-e8817315eee1,2026-08-10,96,1046034.0,0,False,0,2.386
613e0ea4-31e8-4a6c-b860-e8817315eee1,2026-08-11,132,1438297.0,1,False,0,0.66
613e0ea4-31e8-4a6c-b860-e8817315eee1,2026-08-12,143,1558155.0,2,False,0,0.419
613e0ea4-31e8-4a6c-b860-e8817315eee1,2026-08-13,140,1525467.0,3,False,1,1.222
613e0ea4-31e8-4a6c-b860-e8817315eee1,2026-08-14,156,1699806.0,4,False,1,1.729
613e0ea4-31e8-4a6c-b860-e8817315eee1,2026-08-15,171,1863249.0,5,False,1,2.31
613e0ea4-31e8-4a6c-b860-e8817315eee1,2026-08-16,135,1470986.0,6,False,1,2.824
613e0ea4-31e8-4a6c-b860-e8817315eee1,2026-08-17,110,1198581.0,0,True,1,1.272
613e0ea4-31e8-4a6c-b860-e8817315eee1,2026-08-18,107,1165892.0,1,False,1,2.707
613e0ea4-31e8-4a6c-b860-e8817315eee1,2026-08-19,117,1274854.0,2,False,1,2.474
613e0ea4-31e8-4a6c-b860-e8817315eee1,2026-08-20,133,1449193.0,3,False,0,1.788
613e0ea4-31e8-4a6c-b860-e8817315eee1,2026-08-21,156,1699806.0,4,False,0,1.74
613e0ea4-31e8-4a6c-b860-e8817315eee1,2026-08-22,173,1885041.0,5,False,1,2.166
613e0ea4-31e8-4a6c-b860-e8817315eee1,2026-08-23,120,1307543.0,6,False,3,4.028
613e0ea4-31e8-4a6c-b860-e8817315eee1,2026-08-24,92,1002449.0,0,False,3,2.699
613e0ea4-31e8-4a6c-b860-e8817315eee1,2026-08-25,141,1536363.0,1,True,1,0.0
613e0ea4-31e8-4a6c-b860-e8817315eee1,2026-08-26,148,1612636.0,2,False,2,0.0
613e0ea4-31e8-4a6c-b860-e8817315eee1,2026-08-27,128,1394712.0,3,False,1,2.17
613e0ea4-31e8-4a6c-b860-e8817315eee1,2026-08-28,168,1830560.0,4,False,2,0.732
613ef555-5f36-43de-abdf-dd8ebc52d1c5,2026-05-31,186,2354072.0,6,False,3,1.457
613ef555-5f36-43de-abdf-dd8ebc52d1c5,2026-06-01,151,1911102.0,0,True,1,0.0
613ef555-5f36-43de-abdf-dd8ebc52d1c5,2026-06-02,169,2138915.0,1,False,0,0.0
613ef555-5f36-43de-abdf-dd8ebc52d1c5,2026-06-03,163,2062977.0,2,False,0,1.152
613ef555-5f36-43de-abdf-dd8ebc52d1c5,2026-06-04,177,2240165.0,3,False,0,0.776
613ef555-5f36-43de-abdf-dd8ebc52d1c5,2026-06-05,183,2316103.0,4,False,2,2.397
613ef555-5f36-43de-abdf-dd8ebc52d1c5,2026-06-06,213,2695792.0,5,False,1,2.103
613ef555-5f36-43de-abdf-dd8ebc52d1c5,2026-06-07,188,2379385.0,6,False,2,1.251
613ef555-5f36-43de-abdf-dd8ebc52d1c5,2026-06-08,128,1620007.0,0,False,1,1.797
613ef555-5f36-43de-abdf-dd8ebc52d1c5,2026-06-09,132,1670632.0,1,False,3,2.921
613ef555-5f36-43de-abdf-dd8ebc52d1c5,2026-06-10,166,2100946.0,2,False,1,0.937
613ef555-5f36-43de-abdf-dd8ebc52d1c5,2026-06-11,151,1911102.0,3,False,0,2.815
613ef555-5f36-43de-abdf-dd8ebc52d1c5,2026-06-12,180,2278134.0,4,False,1,2.66
613ef555-5f36-43de-abdf-dd8ebc52d1c5,2026-06-13,193,2442666.0,5,False,1,3.758
613ef555-5f36-43de-abdf-dd8ebc52d1c5,2026-06-14,165,2088290.0,6,False,1,3.093
613ef555-5f36-43de-abdf-dd8ebc52d1c5,2026-06-15,127,1607350.0,0,False,0,1.887
613ef555-5f36-43de-abdf-dd8ebc52d1c5,2026-06-16,169,2138915.0,1,True,1,0.0
613ef555-5f36-43de-abdf-dd8ebc52d1c5,2026-06-17,138,1746570.0,2,False,0,3.12
613ef555-5f36-43de-abdf-dd8ebc52d1c5,2026-06-18,152,1923758.0,3,False,1,2.771
613ef555-5f36-43de-abdf-dd8ebc52d1c5,2026-06-19,181,2290791.0,4,False,1,2.531
613ef555-5f36-43de-abdf-dd8ebc52d1c5,2026-06-20,201,2543917.0,5,False,2,3.063
613ef555-5f36-43de-abdf-dd8ebc52d1c5,2026-06-21,156,1974383.0,6,False,3,3.834
613ef555-5f36-43de-abdf-dd8ebc52d1c5,2026-06-22,142,1797195.0,0,False,2,0.711
613ef555-5f36-43de-abdf-dd8ebc52d1c5,2026-06-23,143,1809851.0,1,False,1,2.015
613ef555-5f36-43de-abdf-dd8ebc52d1c5,2026-06-24,167,2113602.0,2,False,0,0.84
613ef555-5f36-43de-abdf-dd8ebc52d1c5,2026-06-25,165,2088290.0,3,False,0,1.731
613ef555-5f36-43de-abdf-dd8ebc52d1c5,2026-06-26,149,1885789.0,4,False,0,5.108
613ef555-5f36-43de-abdf-dd8ebc52d1c5,2026-06-27,218,2759074.0,5,False,0,1.699
613ef555-5f36-43de-abdf-dd8ebc52d1c5,2026-06-28,196,2480635.0,6,False,0,0.619
613ef555-5f36-43de-abdf-dd8ebc52d1c5,2026-06-29,134,1695944.0,0,False,0,1.366
613ef555-5f36-43de-abdf-dd8ebc52d1c5,2026-06-30,169,2138915.0,1,False,2,0.0
613ef555-5f36-43de-abdf-dd8ebc52d1c5,2026-07-01,117,1480787.0,2,False,3,4.794
613ef555-5f36-43de-abdf-dd8ebc52d1c5,2026-07-02,176,2227509.0,3,False,0,0.82
613ef555-5f36-43de-abdf-dd8ebc52d1c5,2026-07-03,174,2202196.0,4,False,3,3.147
613ef555-5f36-43de-abdf-dd8ebc52d1c5,2026-07-04,188,2379385.0,5,False,3,4.143
613ef555-5f36-43de-abdf-dd8ebc52d1c5,2026-07-05,165,2088290.0,6,False,3,3.127
613ef555-5f36-43de-abdf-dd8ebc52d1c5,2026-07-06,117,1480787.0,0,False,1,2.717
613ef555-5f36-43de-abdf-dd8ebc52d1c5,2026-07-07,140,1771882.0,1,False,2,2.284
613ef555-5f36-43de-abdf-dd8ebc52d1c5,2026-07-08,142,1797195.0,2,False,1,2.798
613ef555-5f36-43de-abdf-dd8ebc52d1c5,2026-07-09,144,1822507.0,3,False,1,3.421
613ef555-5f36-43de-abdf-dd8ebc52d1c5,2026-07-10,172,2176884.0,4,False,1,3.275
613ef555-5f36-43de-abdf-dd8ebc52d1c5,2026-07-11,176,2227509.0,5,False,2,5.105
613ef555-5f36-43de-abdf-dd8ebc52d1c5,2026-07-12,160,2025008.0,6,False,0,3.537
613ef555-5f36-43de-abdf-dd8ebc52d1c5,2026-07-13,137,1733913.0,0,False,0,1.126
613ef555-5f36-43de-abdf-dd8ebc52d1c5,2026-07-14,142,1797195.0,1,False,0,2.142
613ef555-5f36-43de-abdf-dd8ebc52d1c5,2026-07-15,141,1784538.0,2,False,0,2.874
613ef555-5f36-43de-abdf-dd8ebc52d1c5,2026-07-16,171,2164228.0,3,False,0,1.194
613ef555-5f36-43de-abdf-dd8ebc52d1c5,2026-07-17,181,2290791.0,4,False,3,2.56
613ef555-5f36-43de-abdf-dd8ebc52d1c5,2026-07-18,187,2366728.0,5,False,1,4.205
613ef555-5f36-43de-abdf-dd8ebc52d1c5,2026-07-19,159,2012352.0,6,False,1,3.569
613ef555-5f36-43de-abdf-dd8ebc52d1c5,2026-07-20,125,1582038.0,0,False,0,2.029
613ef555-5f36-43de-abdf-dd8ebc52d1c5,2026-07-21,132,1670632.0,1,False,2,2.961
613ef555-5f36-43de-abdf-dd8ebc52d1c5,2026-07-22,135,1708601.0,2,False,2,3.382
613ef555-5f36-43de-abdf-dd8ebc52d1c5,2026-07-23,148,1873133.0,3,False,0,3.062
613ef555-5f36-43de-abdf-dd8ebc52d1c5,2026-07-24,196,2480635.0,4,False,0,1.39
613ef555-5f36-43de-abdf-dd8ebc52d1c5,2026-07-25,233,2948918.0,5,False,1,0.492
613ef555-5f36-43de-abdf-dd8ebc52d1c5,2026-07-26,161,2037665.0,6,False,1,3.411
613ef555-5f36-43de-abdf-dd8ebc52d1c5,2026-07-27,141,1784538.0,0,False,2,0.802
613ef555-5f36-43de-abdf-dd8ebc52d1c5,2026-07-28,143,1809851.0,1,False,0,2.053
613ef555-5f36-43de-abdf-dd8ebc52d1c5,2026-07-29,168,2126259.0,2,False,0,0.762
613ef555-5f36-43de-abdf-dd8ebc52d1c5,2026-07-30,181,2290791.0,3,False,0,0.435
613ef555-5f36-43de-abdf-dd8ebc52d1c5,2026-07-31,204,2581885.0,4,False,1,0.673
613ef555-5f36-43de-abdf-dd8ebc52d1c5,2026-08-01,185,2341416.0,5,False,3,4.394
613ef555-5f36-43de-abdf-dd8ebc52d1c5,2026-08-02,204,2581885.0,6,False,1,0.0
613ef555-5f36-43de-abdf-dd8ebc52d1c5,2026-08-03,138,1746570.0,0,False,0,1.015
613ef555-5f36-43de-abdf-dd8ebc52d1c5,2026-08-04,146,1847820.0,1,False,1,1.783
613ef555-5f36-43de-abdf-dd8ebc52d1c5,2026-08-05,153,1936414.0,2,False,3,1.945
613ef555-5f36-43de-abdf-dd8ebc52d1c5,2026-08-06,157,1987039.0,3,False,1,2.326
613ef555-5f36-43de-abdf-dd8ebc52d1c5,2026-08-07,176,2227509.0,4,False,0,2.942
613ef555-5f36-43de-abdf-dd8ebc52d1c5,2026-08-08,197,2493291.0,5,False,0,3.362
613ef555-5f36-43de-abdf-dd8ebc52d1c5,2026-08-09,166,2100946.0,6,False,3,3.066
613ef555-5f36-43de-abdf-dd8ebc52d1c5,2026-08-10,120,1518756.0,0,False,2,2.45
613ef555-5f36-43de-abdf-dd8ebc52d1c5,2026-08-11,128,1620007.0,1,False,3,3.28
613ef555-5f36-43de-abdf-dd8ebc52d1c5,2026-08-12,155,1961727.0,2,False,1,1.808
613ef555-5f36-43de-abdf-dd8ebc52d1c5,2026-08-13,155,1961727.0,3,False,3,2.529
613ef555-5f36-43de-abdf-dd8ebc52d1c5,2026-08-14,174,2202196.0,4,False,1,3.108
613ef555-5f36-43de-abdf-dd8ebc52d1c5,2026-08-15,200,2531260.0,5,False,0,3.196
613ef555-5f36-43de-abdf-dd8ebc52d1c5,2026-08-16,169,2138915.0,6,False,1,2.763
613ef555-5f36-43de-abdf-dd8ebc52d1c5,2026-08-17,124,1569381.0,0,True,1,2.139
613ef555-5f36-43de-abdf-dd8ebc52d1c5,2026-08-18,144,1822507.0,1,False,2,1.97
613ef555-5f36-43de-abdf-dd8ebc52d1c5,2026-08-19,156,1974383.0,2,False,1,1.703
613ef555-5f36-43de-abdf-dd8ebc52d1c5,2026-08-20,152,1923758.0,3,False,1,2.741
613ef555-5f36-43de-abdf-dd8ebc52d1c5,2026-08-21,182,2303447.0,4,False,0,2.457
613ef555-5f36-43de-abdf-dd8ebc52d1c5,2026-08-22,219,2771730.0,5,False,1,1.633
613ef555-5f36-43de-abdf-dd8ebc52d1c5,2026-08-23,134,1695944.0,6,False,3,5.598
613ef555-5f36-43de-abdf-dd8ebc52d1c5,2026-08-24,126,1594694.0,0,False,1,1.993
613ef555-5f36-43de-abdf-dd8ebc52d1c5,2026-08-25,169,2138915.0,1,True,0,0.0
613ef555-5f36-43de-abdf-dd8ebc52d1c5,2026-08-26,164,2075633.0,2,False,2,1.075
613ef555-5f36-43de-abdf-dd8ebc52d1c5,2026-08-27,178,2252822.0,3,False,0,0.692
613ef555-5f36-43de-abdf-dd8ebc52d1c5,2026-08-28,208,2632511.0,4,False,0,0.371
67576246-c4ae-4875-baa7-3da595716252,2026-05-31,153,1721752.0,6,False,1,2.521
67576246-c4ae-4875-baa7-3da595716252,2026-06-01,137,1541699.0,0,True,1,0.0
67576246-c4ae-4875-baa7-3da595716252,2026-06-02,109,1226608.0,1,False,3,3.463
67576246-c4ae-4875-baa7-3da595716252,2026-06-03,131,1474180.0,2,False,0,2.371
67576246-c4ae-4875-baa7-3da595716252,2026-06-04,144,1620472.0,3,False,0,2.009
67576246-c4ae-4875-baa7-3da595716252,2026-06-05,193,2171883.0,4,False,0,0.0
67576246-c4ae-4875-baa7-3da595716252,2026-06-06,178,2003084.0,5,False,1,3.095
67576246-c4ae-4875-baa7-3da595716252,2026-06-07,143,1609219.0,6,False,2,3.378
67576246-c4ae-4875-baa7-3da595716252,2026-06-08,111,1249114.0,0,False,0,2.054
67576246-c4ae-4875-baa7-3da595716252,2026-06-09,110,1237861.0,1,False,3,3.421
67576246-c4ae-4875-baa7-3da595716252,2026-06-10,110,1237861.0,2,False,3,4.063
67576246-c4ae-4875-baa7-3da595716252,2026-06-11,124,1395407.0,3,False,3,3.592
67576246-c4ae-4875-baa7-3da595716252,2026-06-12,162,1823032.0,4,False,0,2.479
67576246-c4ae-4875-baa7-3da595716252,2026-06-13,177,1991831.0,5,False,0,3.223
67576246-c4ae-4875-baa7-3da595716252,2026-06-14,146,1642979.0,6,False,0,3.117
67576246-c4ae-4875-baa7-3da595716252,2026-06-15,109,1226608.0,0,False,1,2.223
67576246-c4ae-4875-baa7-3da595716252,2026-06-16,153,1721752.0,1,True,2,0.0
67576246-c4ae-4875-baa7-3da595716252,2026-06-17,132,1485433.0,2,False,0,2.3
67576246-c4ae-4875-baa7-3da595716252,2026-06-18,108,1215354.0,3,False,3,4.84
67576246-c4ae-4875-baa7-3da595716252,2026-06-19,134,1507940.0,4,False,3,4.748
67576246-c4ae-4875-baa7-3da595716252,2026-06-20,141,1586713.0,5,False,3,6.116
67576246-c4ae-4875-baa7-3da595716252,2026-06-21,166,1868045.0,6,False,2,1.514
67576246-c4ae-4875-baa7-3da595716252,2026-06-22,120,1350394.0,0,False,0,1.366
67576246-c4ae-4875-baa7-3da595716252,2026-06-23,105,1181595.0,1,False,1,3.837
67576246-c4ae-4875-baa7-3da595716252,2026-06-24,134,1507940.0,2,False,1,2.156
67576246-c4ae-4875-baa7-3da595716252,2026-06-25,160,1800525.0,3,False,1,0.712
67576246-c4ae-4875-baa7-3da595716252,2026-06-26,156,1755512.0,4,False,3,2.985
67576246-c4ae-4875-baa7-3da595716252,2026-06-27,184,2070604.0,5,False,0,2.606
67576246-c4ae-4875-baa7-3da595716252,2026-06-28,185,2081857.0,6,False,1,0.0
67576246-c4ae-4875-baa7-3da595716252,2026-06-29,133,1496686.0,0,False,0,0.296
67576246-c4ae-4875-baa7-3da595716252,2026-06-30,147,1654232.0,1,False,2,0.477
67576246-c4ae-4875-baa7-3da595716252,2026-07-01,147,1654232.0,2,False,0,1.086
67576246-c4ae-4875-baa7-3da595716252,2026-07-02,162,1823032.0,3,False,2,0.567
67576246-c4ae-4875-baa7-3da595716252,2026-07-03,142,1597966.0,4,False,3,4.109
67576246-c4ae-4875-baa7-3da595716252,2026-07-04,181,2036844.0,5,False,0,2.847
67576246-c4ae-4875-baa7-3da595716252,2026-07-05,175,1969324.0,6,False,2,0.785
67576246-c4ae-4875-baa7-3da595716252,2026-07-06,133,1496686.0,0,False,0,0.293
67576246-c4ae-4875-baa7-3da595716252,2026-07-07,139,1564206.0,1,False,0,1.12
67576246-c4ae-4875-baa7-3da595716252,2026-07-08,118,1327887.0,2,False,3,3.441
67576246-c4ae-4875-baa7-3da595716252,2026-07-09,142,1597966.0,3,False,1,2.143
67576246-c4ae-4875-baa7-3da595716252,2026-07-10,164,1845538.0,4,False,0,2.32
67576246-c4ae-4875-baa7-3da595716252,2026-07-11,163,1834285.0,5,False,0,4.344
67576246-c4ae-4875-baa7-3da595716252,2026-07-12,163,1834285.0,6,False,0,1.714
67576246-c4ae-4875-baa7-3da595716252,2026-07-13,81,911516.0,0,False,3,4.452
67576246-c4ae-4875-baa7-3da595716252,2026-07-14,121,1361647.0,1,False,0,2.523
67576246-c4ae-4875-baa7-3da595716252,2026-07-15,125,1406660.0,2,False,0,2.829
67576246-c4ae-4875-baa7-3da595716252,2026-07-16,154,1733005.0,3,False,0,1.219
67576246-c4ae-4875-baa7-3da595716252,2026-07-17,145,1631726.0,4,False,0,3.847
67576246-c4ae-4875-baa7-3da595716252,2026-07-18,205,2306923.0,5,False,1,0.961
67576246-c4ae-4875-baa7-3da595716252,2026-07-19,147,1654232.0,6,False,0,2.998
67576246-c4ae-4875-baa7-3da595716252,2026-07-20,113,1271621.0,0,False,0,1.925
67576246-c4ae-4875-baa7-3da595716252,2026-07-21,115,1294127.0,1,False,1,3.038
67576246-c4ae-4875-baa7-3da595716252,2026-07-22,153,1721752.0,2,False,1,0.635
67576246-c4ae-4875-baa7-3da595716252,2026-07-23,147,1654232.0,3,False,0,1.728
67576246-c4ae-4875-baa7-3da595716252,2026-07-24,145,1631726.0,4,False,0,3.805
67576246-c4ae-4875-baa7-3da595716252,2026-07-25,212,2385696.0,5,False,0,0.437
67576246-c4ae-4875-baa7-3da595716252,2026-07-26,166,1868045.0,6,False,0,1.519
67576246-c4ae-4875-baa7-3da595716252,2026-07-27,120,1350394.0,0,False,0,1.353
67576246-c4ae-4875-baa7-3da595716252,2026-07-28,116,1305381.0,1,False,0,2.912
67576246-c4ae-4875-baa7-3da595716252,2026-07-29,157,1766765.0,2,False,0,0.275
67576246-c4ae-4875-baa7-3da595716252,2026-07-30,166,1868045.0,3,False,2,0.261
67576246-c4ae-4875-baa7-3da595716252,2026-07-31,154,1733005.0,4,False,0,3.131
67576246-c4ae-4875-baa7-3da595716252,2026-08-01,194,2183137.0,5,False,2,1.825
67576246-c4ae-4875-baa7-3da595716252,2026-08-02,161,1811778.0,6,False,2,1.912
67576246-c4ae-4875-baa7-3da595716252,2026-08-03,127,1429167.0,0,False,1,0.738
67576246-c4ae-4875-baa7-3da595716252,2026-08-04,146,1642979.0,1,False,0,0.551
67576246-c4ae-4875-baa7-3da595716252,2026-08-05,137,1541699.0,2,False,1,1.927
67576246-c4ae-4875-baa7-3da595716252,2026-08-06,138,1552953.0,3,False,1,2.43
67576246-c4ae-4875-baa7-3da595716252,2026-08-07,165,1856791.0,4,False,2,2.257
67576246-c4ae-4875-baa7-3da595716252,2026-08-08,174,1958071.0,5,False,1,3.464
67576246-c4ae-4875-baa7-3da595716252,2026-08-09,144,1620472.0,6,False,1,3.257
67576246-c4ae-4875-baa7-3da595716252,2026-08-10,105,1181595.0,0,False,2,2.499
67576246-c4ae-4875-baa7-3da595716252,2026-08-11,118,1327887.0,1,False,1,2.777
67576246-c4ae-4875-baa7-3da595716252,2026-08-12,110,1237861.0,2,False,0,4.06
67576246-c4ae-4875-baa7-3da595716252,2026-08-13,128,1440420.0,3,False,1,3.233
67576246-c4ae-4875-baa7-3da595716252,2026-08-14,138,1552953.0,4,False,3,4.382
67576246-c4ae-4875-baa7-3da595716252,2026-08-15,155,1744259.0,5,False,3,4.934
67576246-c4ae-4875-baa7-3da595716252,2026-08-16,159,1789272.0,6,False,1,2.034
67576246-c4ae-4875-baa7-3da595716252,2026-08-17,137,1541699.0,0,True,0,0.0
67576246-c4ae-4875-baa7-3da595716252,2026-08-18,115,1294127.0,1,False,3,3.04
67576246-c4ae-4875-baa7-3da595716252,2026-08-19,120,1350394.0,2,False,0,3.236
67576246-c4ae-4875-baa7-3da595716252,2026-08-20,124,1395407.0,3,False,0,3.622
67576246-c4ae-4875-baa7-3da595716252,2026-08-21,158,1778018.0,4,False,1,2.766
67576246-c4ae-4875-baa7-3da595716252,2026-08-22,150,1687992.0,5,False,1,5.338
67576246-c4ae-4875-baa7-3da595716252,2026-08-23,152,1710499.0,6,False,2,2.646
67576246-c4ae-4875-baa7-3da595716252,2026-08-24,126,1417913.0,0,False,1,0.848
67576246-c4ae-4875-baa7-3da595716252,2026-08-25,153,1721752.0,1,True,1,0.0
67576246-c4ae-4875-baa7-3da595716252,2026-08-26,140,1575459.0,2,False,1,1.642
67576246-c4ae-4875-baa7-3da595716252,2026-08-27,140,1575459.0,3,False,1,2.332
67576246-c4ae-4875-baa7-3da595716252,2026-08-28,166,1868045.0,4,False,1,2.138
75f85503-df45-46ce-b7f2-4cbadb1949af,2026-05-31,123,3340084.0,6,False,0,0.0
75f85503-df45-46ce-b7f2-4cbadb1949af,2026-06-01,91,2471119.0,0,True,1,0.0
75f85503-df45-46ce-b7f2-4cbadb1949af,2026-06-02,99,2688361.0,1,False,0,0.897
75f85503-df45-46ce-b7f2-4cbadb1949af,2026-06-03,98,2661206.0,2,False,0,3.117
75f85503-df45-46ce-b7f2-4cbadb1949af,2026-06-04,113,3068533.0,3,False,0,0.0
75f85503-df45-46ce-b7f2-4cbadb1949af,2026-06-05,129,3503015.0,4,False,2,0.0
75f85503-df45-46ce-b7f2-4cbadb1949af,2026-06-06,140,3801722.0,5,False,0,1.699
75f85503-df45-46ce-b7f2-4cbadb1949af,2026-06-07,110,2987067.0,6,False,0,4.835
75f85503-df45-46ce-b7f2-4cbadb1949af,2026-06-08,86,2335344.0,0,False,0,1.923
75f85503-df45-46ce-b7f2-4cbadb1949af,2026-06-09,89,2416809.0,1,False,1,4.637
75f85503-df45-46ce-b7f2-4cbadb1949af,2026-06-10,92,2498275.0,2,False,1,5.427
75f85503-df45-46ce-b7f2-4cbadb1949af,2026-06-11,113,3068533.0,3,False,0,0.0
75f85503-df45-46ce-b7f2-4cbadb1949af,2026-06-12,116,3149998.0,4,False,3,4.295
75f85503-df45-46ce-b7f2-4cbadb1949af,2026-06-13,134,3638791.0,5,False,0,3.907
75f85503-df45-46ce-b7f2-4cbadb1949af,2026-06-14,90,2443964.0,6,False,3,11.771
75f85503-df45-46ce-b7f2-4cbadb1949af,2026-06-15,82,2226723.0,0,False,0,3.067
75f85503-df45-46ce-b7f2-4cbadb1949af,2026-06-16,102,2769826.0,1,True,0,0.0
75f85503-df45-46ce-b7f2-4cbadb1949af,2026-06-17,104,2824136.0,2,False,0,1.15
75f85503-df45-46ce-b7f2-4cbadb1949af,2026-06-18,93,2525430.0,3,False,0,6.843
75f85503-df45-46ce-b7f2-4cbadb1949af,2026-06-19,124,3367240.0,4,False,2,1.724
75f85503-df45-46ce-b7f2-4cbadb1949af,2026-06-20,110,2987067.0,5,False,3,12.079
75f85503-df45-46ce-b7f2-4cbadb1949af,2026-06-21,123,3340084.0,6,False,0,0.0
75f85503-df45-46ce-b7f2-4cbadb1949af,2026-06-22,86,2335344.0,0,False,1,1.735
75f85503-df45-46ce-b7f2-4cbadb1949af,2026-06-23,93,2525430.0,1,False,2,2.993
75f85503-df45-46ce-b7f2-4cbadb1949af,2026-06-24,107,2905602.0,2,False,0,0.0
75f85503-df45-46ce-b7f2-4cbadb1949af,2026-06-25,108,2932757.0,3,False,1,1.494
75f85503-df45-46ce-b7f2-4cbadb1949af,2026-06-26,129,3503015.0,4,False,0,0.0
75f85503-df45-46ce-b7f2-4cbadb1949af,2026-06-27,140,3801722.0,5,False,2,1.794
75f85503-df45-46ce-b7f2-4cbadb1949af,2026-06-28,112,3041378.0,6,False,2,4.102
75f85503-df45-46ce-b7f2-4cbadb1949af,2026-06-29,91,2471119.0,0,False,2,0.0
75f85503-df45-46ce-b7f2-4cbadb1949af,2026-06-30,93,2525430.0,1,False,1,3.114
75f85503-df45-46ce-b7f2-4cbadb1949af,2026-07-01,107,2905602.0,2,False,0,0.0
75f85503-df45-46ce-b7f2-4cbadb1949af,2026-07-02,102,2769826.0,3,False,3,3.713
75f85503-df45-46ce-b7f2-4cbadb1949af,2026-07-03,129,3503015.0,4,False,2,0.0
75f85503-df45-46ce-b7f2-4cbadb1949af,2026-07-04,139,3774567.0,5,False,0,1.873
75f85503-df45-46ce-b7f2-4cbadb1949af,2026-07-05,123,3340084.0,6,False,0,0.0
75f85503-df45-46ce-b7f2-4cbadb1949af,2026-07-06,80,2172413.0,0,False,0,3.964
75f85503-df45-46ce-b7f2-4cbadb1949af,2026-07-07,89,2416809.0,1,False,1,4.373
75f85503-df45-46ce-b7f2-4cbadb1949af,2026-07-08,100,2715516.0,2,False,0,2.582
75f85503-df45-46ce-b7f2-4cbadb1949af,2026-07-09,111,3014223.0,3,False,1,0.687
75f85503-df45-46ce-b7f2-4cbadb1949af,2026-07-10,129,3503015.0,4,False,0,0.0
75f85503-df45-46ce-b7f2-4cbadb1949af,2026-07-11,144,3910343.0,5,False,0,0.332
75f85503-df45-46ce-b7f2-4cbadb1949af,2026-07-12,116,3149998.0,6,False,0,2.568
75f85503-df45-46ce-b7f2-4cbadb1949af,2026-07-13,91,2471119.0,0,False,1,0.0
75f85503-df45-46ce-b7f2-4cbadb1949af,2026-07-14,85,2308188.0,1,False,3,5.791
75f85503-df45-46ce-b7f2-4cbadb1949af,2026-07-15,97,2634050.0,2,False,0,3.701
75f85503-df45-46ce-b7f2-4cbadb1949af,2026-07-16,103,2796981.0,3,False,2,3.307
75f85503-df45-46ce-b7f2-4cbadb1949af,2026-07-17,129,3503015.0,4,False,2,0.0
75f85503-df45-46ce-b7f2-4cbadb1949af,2026-07-18,122,3312929.0,5,False,2,7.889
75f85503-df45-46ce-b7f2-4cbadb1949af,2026-07-19,123,3340084.0,6,False,0,0.0
75f85503-df45-46ce-b7f2-4cbadb1949af,2026-07-20,86,2335344.0,0,False,1,1.984
75f85503-df45-46ce-b7f2-4cbadb1949af,2026-07-21,87,2362499.0,1,False,0,5.313
75f85503-df45-46ce-b7f2-4cbadb1949af,2026-07-22,107,2905602.0,2,False,0,0.0
75f85503-df45-46ce-b7f2-4cbadb1949af,2026-07-23,98,2661206.0,3,False,0,5.056
75f85503-df45-46ce-b7f2-4cbadb1949af,2026-07-24,119,3231464.0,4,False,1,3.527
75f85503-df45-46ce-b7f2-4cbadb1949af,2026-07-25,145,3937498.0,5,False,2,0.0
75f85503-df45-46ce-b7f2-4cbadb1949af,2026-07-26,123,3340084.0,6,False,0,0.0
75f85503-df45-46ce-b7f2-4cbadb1949af,2026-07-27,91,2471119.0,0,False,1,0.0
75f85503-df45-46ce-b7f2-4cbadb1949af,2026-07-28,101,2742671.0,1,False,2,0.161
75f85503-df45-46ce-b7f2-4cbadb1949af,2026-07-29,107,2905602.0,2,False,0,0.0
75f85503-df45-46ce-b7f2-4cbadb1949af,2026-07-30,113,3068533.0,3,False,0,0.0
75f85503-df45-46ce-b7f2-4cbadb1949af,2026-07-31,129,3503015.0,4,False,0,0.0
75f85503-df45-46ce-b7f2-4cbadb1949af,2026-08-01,145,3937498.0,5,False,1,0.0
75f85503-df45-46ce-b7f2-4cbadb1949af,2026-08-02,123,3340084.0,6,False,1,0.0
75f85503-df45-46ce-b7f2-4cbadb1949af,2026-08-03,91,2471119.0,0,False,0,0.0
75f85503-df45-46ce-b7f2-4cbadb1949af,2026-08-04,102,2769826.0,1,False,1,0.0
75f85503-df45-46ce-b7f2-4cbadb1949af,2026-08-05,96,2606895.0,2,False,1,3.914
75f85503-df45-46ce-b7f2-4cbadb1949af,2026-08-06,99,2688361.0,3,False,3,4.68
75f85503-df45-46ce-b7f2-4cbadb1949af,2026-08-07,129,3503015.0,4,False,0,0.0
75f85503-df45-46ce-b7f2-4cbadb1949af,2026-08-08,131,3557326.0,5,False,0,4.752
75f85503-df45-46ce-b7f2-4cbadb1949af,2026-08-09,123,3340084.0,6,False,0,0.0
75f85503-df45-46ce-b7f2-4cbadb1949af,2026-08-10,83,2253878.0,0,False,1,2.951
75f85503-df45-46ce-b7f2-4cbadb1949af,2026-08-11,81,2199568.0,1,False,0,7.344
75f85503-df45-46ce-b7f2-4cbadb1949af,2026-08-12,106,2878447.0,2,False,0,0.298
75f85503-df45-46ce-b7f2-4cbadb1949af,2026-08-13,97,2634050.0,3,False,3,5.318
75f85503-df45-46ce-b7f2-4cbadb1949af,2026-08-14,116,3149998.0,4,False,1,4.555
75f85503-df45-46ce-b7f2-4cbadb1949af,2026-08-15,135,3665946.0,5,False,2,3.509
75f85503-df45-46ce-b7f2-4cbadb1949af,2026-08-16,123,3340084.0,6,False,1,0.0
75f85503-df45-46ce-b7f2-4cbadb1949af,2026-08-17,91,2471119.0,0,True,3,0.0
75f85503-df45-46ce-b7f2-4cbadb1949af,2026-08-18,90,2443964.0,1,False,0,4.278
75f85503-df45-46ce-b7f2-4cbadb1949af,2026-08-19,106,2878447.0,2,False,1,0.503
75f85503-df45-46ce-b7f2-4cbadb1949af,2026-08-20,113,3068533.0,3,False,2,0.0
75f85503-df45-46ce-b7f2-4cbadb1949af,2026-08-21,118,3204309.0,4,False,2,3.781
75f85503-df45-46ce-b7f2-4cbadb1949af,2026-08-22,114,3095688.0,5,False,3,10.809
75f85503-df45-46ce-b7f2-4cbadb1949af,2026-08-23,92,2498275.0,6,False,2,10.881
75f85503-df45-46ce-b7f2-4cbadb1949af,2026-08-24,80,2172413.0,0,False,0,3.873
75f85503-df45-46ce-b7f2-4cbadb1949af,2026-08-25,102,2769826.0,1,True,3,0.0
75f85503-df45-46ce-b7f2-4cbadb1949af,2026-08-26,107,2905602.0,2,False,0,0.0
75f85503-df45-46ce-b7f2-4cbadb1949af,2026-08-27,113,3068533.0,3,False,1,0.0
75f85503-df45-46ce-b7f2-4cbadb1949af,2026-08-28,127,3448705.0,4,False,0,0.523
7f36ef74-fea3-4084-af76-8183b23c2ed1,2026-05-31,136,3133865.0,6,False,3,2.545
7f36ef74-fea3-4084-af76-8183b23c2ed1,2026-06-01,106,2442571.0,0,True,1,0.0
7f36ef74-fea3-4084-af76-8183b23c2ed1,2026-06-02,118,2719089.0,1,False,1,0.0
7f36ef74-fea3-4084-af76-8183b23c2ed1,2026-06-03,113,2603873.0,2,False,3,3.914
7f36ef74-fea3-4084-af76-8183b23c2ed1,2026-06-04,130,2995606.0,3,False,1,0.0
7f36ef74-fea3-4084-af76-8183b23c2ed1,2026-06-05,149,3433425.0,4,False,1,0.0
7f36ef74-fea3-4084-af76-8183b23c2ed1,2026-06-06,168,3871245.0,5,False,0,0.0
7f36ef74-fea3-4084-af76-8183b23c2ed1,2026-06-07,143,3295167.0,6,False,2,0.0
7f36ef74-fea3-4084-af76-8183b23c2ed1,2026-06-08,88,2027795.0,0,False,1,6.092
7f36ef74-fea3-4084-af76-8183b23c2ed1,2026-06-09,108,2488657.0,1,False,1,3.445
7f36ef74-fea3-4084-af76-8183b23c2ed1,2026-06-10,122,2811261.0,2,False,1,0.893
7f36ef74-fea3-4084-af76-8183b23c2ed1,2026-06-11,130,2995606.0,3,False,2,0.0
7f36ef74-fea3-4084-af76-8183b23c2ed1,2026-06-12,133,3064735.0,4,False,1,5.534
7f36ef74-fea3-4084-af76-8183b23c2ed1,2026-06-13,163,3756029.0,5,False,0,1.657
7f36ef74-fea3-4084-af76-8183b23c2ed1,2026-06-14,143,3295167.0,6,False,1,0.0
7f36ef74-fea3-4084-af76-8183b23c2ed1,2026-06-15,99,2281269.0,0,False,3,2.287
7f36ef74-fea3-4084-af76-8183b23c2ed1,2026-06-16,118,2719089.0,1,True,0,0.0
7f36ef74-fea3-4084-af76-8183b23c2ed1,2026-06-17,107,2465614.0,2,False,1,6.159
7f36ef74-fea3-4084-af76-8183b23c2ed1,2026-06-18,111,2557787.0,3,False,2,6.905
7f36ef74-fea3-4084-af76-8183b23c2ed1,2026-06-19,134,3087779.0,4,False,1,5.325
7f36ef74-fea3-4084-af76-8183b23c2ed1,2026-06-20,145,3341253.0,5,False,1,8.048
7f36ef74-fea3-4084-af76-8183b23c2ed1,2026-06-21,127,2926477.0,6,False,0,5.587
7f36ef74-fea3-4084-af76-8183b23c2ed1,2026-06-22,83,1912579.0,0,False,3,7.869
7f36ef74-fea3-4084-af76-8183b23c2ed1,2026-06-23,118,2719089.0,1,False,1,0.0
7f36ef74-fea3-4084-af76-8183b23c2ed1,2026-06-24,124,2857347.0,2,False,1,0.0
7f36ef74-fea3-4084-af76-8183b23c2ed1,2026-06-25,130,2995606.0,3,False,1,0.0
7f36ef74-fea3-4084-af76-8183b23c2ed1,2026-06-26,149,3433425.0,4,False,1,0.0
7f36ef74-fea3-4084-af76-8183b23c2ed1,2026-06-27,168,3871245.0,5,False,3,0.0
7f36ef74-fea3-4084-af76-8183b23c2ed1,2026-06-28,143,3295167.0,6,False,0,0.0
7f36ef74-fea3-4084-af76-8183b23c2ed1,2026-06-29,104,2396485.0,0,False,0,0.376
7f36ef74-fea3-4084-af76-8183b23c2ed1,2026-06-30,118,2719089.0,1,False,1,0.0
7f36ef74-fea3-4084-af76-8183b23c2ed1,2026-07-01,124,2857347.0,2,False,0,0.0
7f36ef74-fea3-4084-af76-8183b23c2ed1,2026-07-02,130,2995606.0,3,False,2,0.0
7f36ef74-fea3-4084-af76-8183b23c2ed1,2026-07-03,149,3433425.0,4,False,0,0.0
7f36ef74-fea3-4084-af76-8183b23c2ed1,2026-07-04,168,3871245.0,5,False,1,0.0
7f36ef74-fea3-4084-af76-8183b23c2ed1,2026-07-05,143,3295167.0,6,False,0,0.0
7f36ef74-fea3-4084-af76-8183b23c2ed1,2026-07-06,82,1889536.0,0,False,3,8.359
7f36ef74-fea3-4084-af76-8183b23c2ed1,2026-07-07,116,2673002.0,1,False,0,0.748
7f36ef74-fea3-4084-af76-8183b23c2ed1,2026-07-08,121,2788218.0,2,False,2,1.145
7f36ef74-fea3-4084-af76-8183b23c2ed1,2026-07-09,116,2673002.0,3,False,0,5.003
7f36ef74-fea3-4084-af76-8183b23c2ed1,2026-07-10,149,3433425.0,4,False,0,0.0
7f36ef74-fea3-4084-af76-8183b23c2ed1,2026-07-11,168,3871245.0,5,False,1,0.0
7f36ef74-fea3-4084-af76-8183b23c2ed1,2026-07-12,143,3295167.0,6,False,1,0.003
7f36ef74-fea3-4084-af76-8183b23c2ed1,2026-07-13,101,2327355.0,0,False,0,1.496
7f36ef74-fea3-4084-af76-8183b23c2ed1,2026-07-14,111,2557787.0,1,False,0,2.543
7f36ef74-fea3-4084-af76-8183b23c2ed1,2026-07-15,109,2511700.0,2,False,0,5.17
7f36ef74-fea3-4084-af76-8183b23c2ed1,2026-07-16,108,2488657.0,3,False,1,7.737
7f36ef74-fea3-4084-af76-8183b23c2ed1,2026-07-17,115,2649959.0,4,False,2,11.796
7f36ef74-fea3-4084-af76-8183b23c2ed1,2026-07-18,155,3571684.0,5,False,1,4.506
7f36ef74-fea3-4084-af76-8183b23c2ed1,2026-07-19,143,3295167.0,6,False,0,0.0
7f36ef74-fea3-4084-af76-8183b23c2ed1,2026-07-20,99,2281269.0,0,False,1,2.255
7f36ef74-fea3-4084-af76-8183b23c2ed1,2026-07-21,102,2350399.0,1,False,0,5.67
7f36ef74-fea3-4084-af76-8183b23c2ed1,2026-07-22,123,2834304.0,2,False,2,0.307
7f36ef74-fea3-4084-af76-8183b23c2ed1,2026-07-23,108,2488657.0,3,False,2,7.75
7f36ef74-fea3-4084-af76-8183b23c2ed1,2026-07-24,125,2880390.0,4,False,3,8.464
7f36ef74-fea3-4084-af76-8183b23c2ed1,2026-07-25,157,3617770.0,5,False,1,3.775
7f36ef74-fea3-4084-af76-8183b23c2ed1,2026-07-26,143,3295167.0,6,False,1,0.0
7f36ef74-fea3-4084-af76-8183b23c2ed1,2026-07-27,106,2442571.0,0,False,2,0.0
7f36ef74-fea3-4084-af76-8183b23c2ed1,2026-07-28,118,2719089.0,1,False,2,0.001
7f36ef74-fea3-4084-af76-8183b23c2ed1,2026-07-29,124,2857347.0,2,False,1,0.0
7f36ef74-fea3-4084-af76-8183b23c2ed1,2026-07-30,128,2949520.0,3,False,0,0.821
7f36ef74-fea3-4084-af76-8183b23c2ed1,2026-07-31,149,3433425.0,4,False,1,0.0
7f36ef74-fea3-4084-af76-8183b23c2ed1,2026-08-01,161,3709943.0,5,False,3,2.293
7f36ef74-fea3-4084-af76-8183b23c2ed1,2026-08-02,136,3133865.0,6,False,0,2.236
7f36ef74-fea3-4084-af76-8183b23c2ed1,2026-08-03,106,2442571.0,0,False,1,0.0
7f36ef74-fea3-4084-af76-8183b23c2ed1,2026-08-04,118,2719089.0,1,False,1,0.0
7f36ef74-fea3-4084-af76-8183b23c2ed1,2026-08-05,107,2465614.0,2,False,3,5.867
7f36ef74-fea3-4084-af76-8183b23c2ed1,2026-08-06,101,2327355.0,3,False,1,10.172
7f36ef74-fea3-4084-af76-8183b23c2ed1,2026-08-07,138,3179951.0,4,False,0,3.819
7f36ef74-fea3-4084-af76-8183b23c2ed1,2026-08-08,168,3871245.0,5,False,2,0.0
7f36ef74-fea3-4084-af76-8183b23c2ed1,2026-08-09,138,3179951.0,6,False,0,1.558
7f36ef74-fea3-4084-af76-8183b23c2ed1,2026-08-10,99,2281269.0,0,False,0,2.171
7f36ef74-fea3-4084-af76-8183b23c2ed1,2026-08-11,114,2626916.0,1,False,0,1.339
7f36ef74-fea3-4084-af76-8183b23c2ed1,2026-08-12,109,2511700.0,2,False,3,5.44
7f36ef74-fea3-4084-af76-8183b23c2ed1,2026-08-13,128,2949520.0,3,False,1,0.665
7f36ef74-fea3-4084-af76-8183b23c2ed1,2026-08-14,134,3087779.0,4,False,2,5.185
7f36ef74-fea3-4084-af76-8183b23c2ed1,2026-08-15,143,3295167.0,5,False,1,8.602
7f36ef74-fea3-4084-af76-8183b23c2ed1,2026-08-16,143,3295167.0,6,False,2,0.0
7f36ef74-fea3-4084-af76-8183b23c2ed1,2026-08-17,106,2442571.0,0,True,1,0.0
7f36ef74-fea3-4084-af76-8183b23c2ed1,2026-08-18,118,2719089.0,1,False,0,0.0
7f36ef74-fea3-4084-af76-8183b23c2ed1,2026-08-19,118,2719089.0,2,False,0,2.223
7f36ef74-fea3-4084-af76-8183b23c2ed1,2026-08-20,123,2834304.0,3,False,0,2.531
7f36ef74-fea3-4084-af76-8183b23c2ed1,2026-08-21,124,2857347.0,4,False,2,8.912
7f36ef74-fea3-4084-af76-8183b23c2ed1,2026-08-22,159,3663857.0,5,False,0,3.115
7f36ef74-fea3-4084-af76-8183b23c2ed1,2026-08-23,143,3295167.0,6,False,1,0.0
7f36ef74-fea3-4084-af76-8183b23c2ed1,2026-08-24,106,2442571.0,0,False,0,0.0
7f36ef74-fea3-4084-af76-8183b23c2ed1,2026-08-25,118,2719089.0,1,True,3,0.0
7f36ef74-fea3-4084-af76-8183b23c2ed1,2026-08-26,124,2857347.0,2,False,0,0.0
7f36ef74-fea3-4084-af76-8183b23c2ed1,2026-08-27,125,2880390.0,3,False,1,1.911
7f36ef74-fea3-4084-af76-8183b23c2ed1,2026-08-28,142,3272123.0,4,False,0,2.419
8098243b-6252-474a-8b7b-048d44523c87,2026-05-31,191,2338445.0,6,False,0,0.623
8098243b-6252-474a-8b7b-048d44523c87,2026-06-01,147,1799746.0,0,True,0,0.0
8098243b-6252-474a-8b7b-048d44523c87,2026-06-02,164,2007880.0,1,False,1,0.0
8098243b-6252-474a-8b7b-048d44523c87,2026-06-03,156,1909934.0,2,False,0,1.398
8098243b-6252-474a-8b7b-048d44523c87,2026-06-04,166,2032366.0,3,False,2,1.292
8098243b-6252-474a-8b7b-048d44523c87,2026-06-05,183,2240500.0,4,False,0,1.95
8098243b-6252-474a-8b7b-048d44523c87,2026-06-06,209,2558822.0,5,False,0,1.994
8098243b-6252-474a-8b7b-048d44523c87,2026-06-07,172,2105825.0,6,False,1,2.156
8098243b-6252-474a-8b7b-048d44523c87,2026-06-08,111,1358992.0,0,False,3,2.894
8098243b-6252-474a-8b7b-048d44523c87,2026-06-09,136,1665071.0,1,False,0,2.261
8098243b-6252-474a-8b7b-048d44523c87,2026-06-10,153,1873205.0,2,False,0,1.594
8098243b-6252-474a-8b7b-048d44523c87,2026-06-11,161,1971150.0,3,False,2,1.651
8098243b-6252-474a-8b7b-048d44523c87,2026-06-12,168,2056853.0,4,False,1,3.153
8098243b-6252-474a-8b7b-048d44523c87,2026-06-13,197,2411904.0,5,False,2,2.978
8098243b-6252-474a-8b7b-048d44523c87,2026-06-14,171,2093582.0,6,False,0,2.277
8098243b-6252-474a-8b7b-048d44523c87,2026-06-15,115,1407965.0,0,False,0,2.58
8098243b-6252-474a-8b7b-048d44523c87,2026-06-16,164,2007880.0,1,True,1,0.0
8098243b-6252-474a-8b7b-048d44523c87,2026-06-17,148,1811989.0,2,False,0,2.043
8098243b-6252-474a-8b7b-048d44523c87,2026-06-18,161,1971150.0,3,False,1,1.649
8098243b-6252-474a-8b7b-048d44523c87,2026-06-19,154,1885448.0,4,False,3,4.324
8098243b-6252-474a-8b7b-048d44523c87,2026-06-20,200,2448634.0,5,False,0,2.665
8098243b-6252-474a-8b7b-048d44523c87,2026-06-21,175,2142555.0,6,False,1,1.914
8098243b-6252-474a-8b7b-048d44523c87,2026-06-22,117,1432451.0,0,False,2,2.44
8098243b-6252-474a-8b7b-048d44523c87,2026-06-23,125,1530396.0,1,False,1,3.142
8098243b-6252-474a-8b7b-048d44523c87,2026-06-24,138,1689557.0,2,False,0,2.831
8098243b-6252-474a-8b7b-048d44523c87,2026-06-25,182,2228257.0,3,False,0,0.0
8098243b-6252-474a-8b7b-048d44523c87,2026-06-26,208,2546579.0,4,False,0,0.0
8098243b-6252-474a-8b7b-048d44523c87,2026-06-27,225,2754713.0,5,False,1,0.674
8098243b-6252-474a-8b7b-048d44523c87,2026-06-28,178,2179284.0,6,False,2,1.718
8098243b-6252-474a-8b7b-048d44523c87,2026-06-29,111,1358992.0,0,False,1,2.856
8098243b-6252-474a-8b7b-048d44523c87,2026-06-30,154,1885448.0,1,False,2,0.824
8098243b-6252-474a-8b7b-048d44523c87,2026-07-01,160,1958907.0,2,False,0,1.038
8098243b-6252-474a-8b7b-048d44523c87,2026-07-02,171,2093582.0,3,False,1,0.844
8098243b-6252-474a-8b7b-048d44523c87,2026-07-03,163,1995637.0,4,False,1,3.543
8098243b-6252-474a-8b7b-048d44523c87,2026-07-04,209,2558822.0,5,False,1,2.008
8098243b-6252-474a-8b7b-048d44523c87,2026-07-05,158,1934421.0,6,False,2,3.271
8098243b-6252-474a-8b7b-048d44523c87,2026-07-06,129,1579369.0,0,False,0,1.416
8098243b-6252-474a-8b7b-048d44523c87,2026-07-07,130,1591612.0,1,False,3,2.795
8098243b-6252-474a-8b7b-048d44523c87,2026-07-08,159,1946664.0,2,False,0,1.167
8098243b-6252-474a-8b7b-048d44523c87,2026-07-09,160,1958907.0,3,False,2,1.749
8098243b-6252-474a-8b7b-048d44523c87,2026-07-10,169,2069096.0,4,False,2,3.093
8098243b-6252-474a-8b7b-048d44523c87,2026-07-11,179,2191527.0,5,False,0,4.419
8098243b-6252-474a-8b7b-048d44523c87,2026-07-12,175,2142555.0,6,False,0,1.935
8098243b-6252-474a-8b7b-048d44523c87,2026-07-13,126,1542639.0,0,False,1,1.71
8098243b-6252-474a-8b7b-048d44523c87,2026-07-14,154,1885448.0,1,False,0,0.838
8098243b-6252-474a-8b7b-048d44523c87,2026-07-15,141,1726287.0,2,False,3,2.599
8098243b-6252-474a-8b7b-048d44523c87,2026-07-16,170,2081339.0,3,False,1,0.916
8098243b-6252-474a-8b7b-048d44523c87,2026-07-17,138,1689557.0,4,False,0,5.62
8098243b-6252-474a-8b7b-048d44523c87,2026-07-18,191,2338445.0,5,False,0,3.384
8098243b-6252-474a-8b7b-048d44523c87,2026-07-19,165,2020123.0,6,False,1,2.756
8098243b-6252-474a-8b7b-048d44523c87,2026-07-20,134,1640585.0,0,False,0,1.053
8098243b-6252-474a-8b7b-048d44523c87,2026-07-21,153,1873205.0,1,False,0,0.945
8098243b-6252-474a-8b7b-048d44523c87,2026-07-22,111,1358992.0,2,False,3,4.947
8098243b-6252-474a-8b7b-048d44523c87,2026-07-23,162,1983394.0,3,False,0,1.604
8098243b-6252-474a-8b7b-048d44523c87,2026-07-24,186,2277230.0,4,False,0,1.713
8098243b-6252-474a-8b7b-048d44523c87,2026-07-25,220,2693497.0,5,False,0,1.113
8098243b-6252-474a-8b7b-048d44523c87,2026-07-26,190,2326202.0,6,False,2,0.724
8098243b-6252-474a-8b7b-048d44523c87,2026-07-27,132,1616098.0,0,False,0,1.238
8098243b-6252-474a-8b7b-048d44523c87,2026-07-28,138,1689557.0,1,False,3,2.153
8098243b-6252-474a-8b7b-048d44523c87,2026-07-29,158,1934421.0,2,False,0,1.248
8098243b-6252-474a-8b7b-048d44523c87,2026-07-30,182,2228257.0,3,False,1,0.0
8098243b-6252-474a-8b7b-048d44523c87,2026-07-31,180,2203771.0,4,False,1,2.241
8098243b-6252-474a-8b7b-048d44523c87,2026-08-01,234,2864902.0,5,False,0,0.0
8098243b-6252-474a-8b7b-048d44523c87,2026-08-02,192,2350689.0,6,False,2,0.555
8098243b-6252-474a-8b7b-048d44523c87,2026-08-03,131,1603855.0,0,False,0,1.257
8098243b-6252-474a-8b7b-048d44523c87,2026-08-04,164,2007880.0,1,False,0,0.0
8098243b-6252-474a-8b7b-048d44523c87,2026-08-05,137,1677314.0,2,False,3,2.903
8098243b-6252-474a-8b7b-048d44523c87,2026-08-06,158,1934421.0,3,False,1,1.924
8098243b-6252-474a-8b7b-048d44523c87,2026-08-07,164,2007880.0,4,False,2,3.53
8098243b-6252-474a-8b7b-048d44523c87,2026-08-08,204,2497607.0,5,False,1,2.396
8098243b-6252-474a-8b7b-048d44523c87,2026-08-09,159,1946664.0,6,False,1,3.238
8098243b-6252-474a-8b7b-048d44523c87,2026-08-10,130,1591612.0,0,False,1,1.349
8098243b-6252-474a-8b7b-048d44523c87,2026-08-11,149,1824232.0,1,False,0,1.27
8098243b-6252-474a-8b7b-048d44523c87,2026-08-12,141,1726287.0,2,False,0,2.582
8098243b-6252-474a-8b7b-048d44523c87,2026-08-13,130,1591612.0,3,False,0,4.158
8098243b-6252-474a-8b7b-048d44523c87,2026-08-14,205,2509850.0,4,False,1,0.233
8098243b-6252-474a-8b7b-048d44523c87,2026-08-15,206,2522093.0,5,False,3,2.188
8098243b-6252-474a-8b7b-048d44523c87,2026-08-16,169,2069096.0,6,False,2,2.429
8098243b-6252-474a-8b7b-048d44523c87,2026-08-17,147,1799746.0,0,True,1,0.0
8098243b-6252-474a-8b7b-048d44523c87,2026-08-18,126,1542639.0,1,False,0,3.055
8098243b-6252-474a-8b7b-048d44523c87,2026-08-19,107,1310019.0,2,False,3,5.304
8098243b-6252-474a-8b7b-048d44523c87,2026-08-20,139,1701801.0,3,False,0,3.456
8098243b-6252-474a-8b7b-048d44523c87,2026-08-21,188,2301716.0,4,False,1,1.61
8098243b-6252-474a-8b7b-048d44523c87,2026-08-22,185,2264986.0,5,False,0,3.87
8098243b-6252-474a-8b7b-048d44523c87,2026-08-23,160,1958907.0,6,False,2,3.129
8098243b-6252-474a-8b7b-048d44523c87,2026-08-24,117,1432451.0,0,False,1,2.445
8098243b-6252-474a-8b7b-048d44523c87,2026-08-25,164,2007880.0,1,True,2,0.0
8098243b-6252-474a-8b7b-048d44523c87,2026-08-26,164,2007880.0,2,False,1,0.767
8098243b-6252-474a-8b7b-048d44523c87,2026-08-27,161,1971150.0,3,False,3,1.683
8098243b-6252-474a-8b7b-048d44523c87,2026-08-28,187,2289473.0,4,False,0,1.69
861a56af-aa52-4cda-8feb-649e2433e8bc,2026-05-31,127,1656017.0,6,False,0,1.528
861a56af-aa52-4cda-8feb-649e2433e8bc,2026-06-01,103,1343069.0,0,True,0,0.366
861a56af-aa52-4cda-8feb-649e2433e8bc,2026-06-02,90,1173555.0,1,False,0,2.468
861a56af-aa52-4cda-8feb-649e2433e8bc,2026-06-03,104,1356108.0,2,False,3,1.823
861a56af-aa52-4cda-8feb-649e2433e8bc,2026-06-04,102,1330029.0,3,False,3,2.522
861a56af-aa52-4cda-8feb-649e2433e8bc,2026-06-05,126,1642978.0,4,False,1,2.095
861a56af-aa52-4cda-8feb-649e2433e8bc,2026-06-06,125,1629938.0,5,False,1,3.707
861a56af-aa52-4cda-8feb-649e2433e8bc,2026-06-07,120,1564741.0,6,False,1,2.069
861a56af-aa52-4cda-8feb-649e2433e8bc,2026-06-08,85,1108358.0,0,False,1,1.834
861a56af-aa52-4cda-8feb-649e2433e8bc,2026-06-09,97,1264832.0,1,False,2,1.86
861a56af-aa52-4cda-8feb-649e2433e8bc,2026-06-10,91,1186595.0,2,False,0,2.909
861a56af-aa52-4cda-8feb-649e2433e8bc,2026-06-11,119,1551701.0,3,False,0,1.15
861a56af-aa52-4cda-8feb-649e2433e8bc,2026-06-12,123,1603859.0,4,False,2,2.323
861a56af-aa52-4cda-8feb-649e2433e8bc,2026-06-13,117,1525622.0,5,False,0,4.334
861a56af-aa52-4cda-8feb-649e2433e8bc,2026-06-14,132,1721215.0,6,False,2,1.125
861a56af-aa52-4cda-8feb-649e2433e8bc,2026-06-15,74,964923.0,0,False,3,2.732
861a56af-aa52-4cda-8feb-649e2433e8bc,2026-06-16,108,1408266.0,1,True,2,1.039
861a56af-aa52-4cda-8feb-649e2433e8bc,2026-06-17,106,1382187.0,2,False,2,1.694
861a56af-aa52-4cda-8feb-649e2433e8bc,2026-06-18,109,1421306.0,3,False,1,1.96
861a56af-aa52-4cda-8feb-649e2433e8bc,2026-06-19,117,1525622.0,4,False,1,2.858
861a56af-aa52-4cda-8feb-649e2433e8bc,2026-06-20,155,2021123.0,5,False,1,1.34
861a56af-aa52-4cda-8feb-649e2433e8bc,2026-06-21,118,1538662.0,6,False,0,2.211
861a56af-aa52-4cda-8feb-649e2433e8bc,2026-06-22,78,1017081.0,0,False,0,2.409
861a56af-aa52-4cda-8feb-649e2433e8bc,2026-06-23,83,1082279.0,1,False,3,3.037
861a56af-aa52-4cda-8feb-649e2433e8bc,2026-06-24,106,1382187.0,2,False,0,1.668
861a56af-aa52-4cda-8feb-649e2433e8bc,2026-06-25,112,1460425.0,3,False,1,1.73
861a56af-aa52-4cda-8feb-649e2433e8bc,2026-06-26,135,1760333.0,4,False,2,1.409
861a56af-aa52-4cda-8feb-649e2433e8bc,2026-06-27,140,1825531.0,5,False,1,2.554
861a56af-aa52-4cda-8feb-649e2433e8bc,2026-06-28,122,1590820.0,6,False,1,1.886
861a56af-aa52-4cda-8feb-649e2433e8bc,2026-06-29,96,1251792.0,0,False,0,0.925
861a56af-aa52-4cda-8feb-649e2433e8bc,2026-06-30,105,1369148.0,1,False,2,1.216
861a56af-aa52-4cda-8feb-649e2433e8bc,2026-07-01,108,1408266.0,2,False,1,1.51
861a56af-aa52-4cda-8feb-649e2433e8bc,2026-07-02,95,1238753.0,3,False,3,3.075
861a56af-aa52-4cda-8feb-649e2433e8bc,2026-07-03,141,1838570.0,4,False,1,0.904
861a56af-aa52-4cda-8feb-649e2433e8bc,2026-07-04,148,1929847.0,5,False,1,1.915
861a56af-aa52-4cda-8feb-649e2433e8bc,2026-07-05,133,1734254.0,6,False,0,1.035
861a56af-aa52-4cda-8feb-649e2433e8bc,2026-07-06,89,1160516.0,0,False,0,1.502
861a56af-aa52-4cda-8feb-649e2433e8bc,2026-07-07,89,1160516.0,1,False,2,2.57
861a56af-aa52-4cda-8feb-649e2433e8bc,2026-07-08,85,1108358.0,2,False,3,3.354
861a56af-aa52-4cda-8feb-649e2433e8bc,2026-07-09,91,1186595.0,3,False,3,3.359
861a56af-aa52-4cda-8feb-649e2433e8bc,2026-07-10,120,1564741.0,4,False,1,2.629
861a56af-aa52-4cda-8feb-649e2433e8bc,2026-07-11,121,1577780.0,5,False,1,4.057
861a56af-aa52-4cda-8feb-649e2433e8bc,2026-07-12,116,1512583.0,6,False,1,2.396
861a56af-aa52-4cda-8feb-649e2433e8bc,2026-07-13,83,1082279.0,0,False,3,2.008
861a56af-aa52-4cda-8feb-649e2433e8bc,2026-07-14,84,1095318.0,1,False,0,2.893
861a56af-aa52-4cda-8feb-649e2433e8bc,2026-07-15,103,1343069.0,2,False,0,1.925
861a56af-aa52-4cda-8feb-649e2433e8bc,2026-07-16,90,1173555.0,3,False,3,3.477
861a56af-aa52-4cda-8feb-649e2433e8bc,2026-07-17,127,1656017.0,4,False,0,2.035
861a56af-aa52-4cda-8feb-649e2433e8bc,2026-07-18,142,1851610.0,5,False,1,2.323
861a56af-aa52-4cda-8feb-649e2433e8bc,2026-07-19,102,1330029.0,6,False,3,3.53
861a56af-aa52-4cda-8feb-649e2433e8bc,2026-07-20,77,1004042.0,0,False,0,2.509
861a56af-aa52-4cda-8feb-649e2433e8bc,2026-07-21,87,1134437.0,1,False,3,2.661
861a56af-aa52-4cda-8feb-649e2433e8bc,2026-07-22,96,1251792.0,2,False,0,2.479
861a56af-aa52-4cda-8feb-649e2433e8bc,2026-07-23,100,1303950.0,3,False,1,2.674
861a56af-aa52-4cda-8feb-649e2433e8bc,2026-07-24,123,1603859.0,4,False,1,2.352
861a56af-aa52-4cda-8feb-649e2433e8bc,2026-07-25,146,1903768.0,5,False,0,2.023
861a56af-aa52-4cda-8feb-649e2433e8bc,2026-07-26,131,1708175.0,6,False,1,1.172
861a56af-aa52-4cda-8feb-649e2433e8bc,2026-07-27,82,1069239.0,0,False,1,2.068
861a56af-aa52-4cda-8feb-649e2433e8bc,2026-07-28,121,1577780.0,1,False,1,0.0
861a56af-aa52-4cda-8feb-649e2433e8bc,2026-07-29,112,1460425.0,2,False,1,1.238
861a56af-aa52-4cda-8feb-649e2433e8bc,2026-07-30,94,1225713.0,3,False,1,3.143
861a56af-aa52-4cda-8feb-649e2433e8bc,2026-07-31,129,1682096.0,4,False,0,1.898
861a56af-aa52-4cda-8feb-649e2433e8bc,2026-08-01,140,1825531.0,5,False,0,2.546
861a56af-aa52-4cda-8feb-649e2433e8bc,2026-08-02,124,1616899.0,6,False,1,1.724
861a56af-aa52-4cda-8feb-649e2433e8bc,2026-08-03,103,1343069.0,0,False,1,0.404
861a56af-aa52-4cda-8feb-649e2433e8bc,2026-08-04,99,1290911.0,1,False,1,1.737
861a56af-aa52-4cda-8feb-649e2433e8bc,2026-08-05,114,1486504.0,2,False,0,1.054
861a56af-aa52-4cda-8feb-649e2433e8bc,2026-08-06,107,1395227.0,3,False,0,2.096
861a56af-aa52-4cda-8feb-649e2433e8bc,2026-08-07,116,1512583.0,4,False,0,2.908
861a56af-aa52-4cda-8feb-649e2433e8bc,2026-08-08,137,1786412.0,5,False,0,2.739
861a56af-aa52-4cda-8feb-649e2433e8bc,2026-08-09,101,1316990.0,6,False,3,3.617
861a56af-aa52-4cda-8feb-649e2433e8bc,2026-08-10,85,1108358.0,0,False,2,1.85
861a56af-aa52-4cda-8feb-649e2433e8bc,2026-08-11,90,1173555.0,1,False,3,2.435
861a56af-aa52-4cda-8feb-649e2433e8bc,2026-08-12,86,1121397.0,2,False,3,3.251
861a56af-aa52-4cda-8feb-649e2433e8bc,2026-08-13,110,1434346.0,3,False,0,1.901
861a56af-aa52-4cda-8feb-649e2433e8bc,2026-08-14,113,1473464.0,4,False,1,3.139
861a56af-aa52-4cda-8feb-649e2433e8bc,2026-08-15,147,1916807.0,5,False,1,1.976
861a56af-aa52-4cda-8feb-649e2433e8bc,2026-08-16,90,1173555.0,6,False,3,4.507
861a56af-aa52-4cda-8feb-649e2433e8bc,2026-08-17,108,1408266.0,0,True,0,0.0
861a56af-aa52-4cda-8feb-649e2433e8bc,2026-08-18,98,1277871.0,1,False,1,1.78
861a56af-aa52-4cda-8feb-649e2433e8bc,2026-08-19,105,1369148.0,2,False,0,1.77
861a56af-aa52-4cda-8feb-649e2433e8bc,2026-08-20,95,1238753.0,3,False,0,3.106
861a56af-aa52-4cda-8feb-649e2433e8bc,2026-08-21,124,1616899.0,4,False,0,2.258
861a56af-aa52-4cda-8feb-649e2433e8bc,2026-08-22,129,1682096.0,5,False,1,3.384
861a56af-aa52-4cda-8feb-649e2433e8bc,2026-08-23,108,1408266.0,6,False,0,3.071
861a56af-aa52-4cda-8feb-649e2433e8bc,2026-08-24,86,1121397.0,0,False,2,1.744
861a56af-aa52-4cda-8feb-649e2433e8bc,2026-08-25,121,1577780.0,1,True,0,0.0
861a56af-aa52-4cda-8feb-649e2433e8bc,2026-08-26,108,1408266.0,2,False,1,1.538
861a56af-aa52-4cda-8feb-649e2433e8bc,2026-08-27,115,1499543.0,3,False,2,1.48
861a56af-aa52-4cda-8feb-649e2433e8bc,2026-08-28,117,1525622.0,4,False,3,2.845
8be26573-8c80-4383-a522-022a93c0f33b,2026-05-31,95,1400249.0,6,False,1,0.0
8be26573-8c80-4383-a522-022a93c0f33b,2026-06-01,70,1031762.0,0,True,3,0.0
8be26573-8c80-4383-a522-022a93c0f33b,2026-06-02,79,1164417.0,1,False,0,0.0
8be26573-8c80-4383-a522-022a93c0f33b,2026-06-03,83,1223375.0,2,False,2,0.0
8be26573-8c80-4383-a522-022a93c0f33b,2026-06-04,85,1252854.0,3,False,1,0.67
8be26573-8c80-4383-a522-022a93c0f33b,2026-06-05,99,1459206.0,4,False,0,0.0
8be26573-8c80-4383-a522-022a93c0f33b,2026-06-06,103,1518164.0,5,False,2,3.062
8be26573-8c80-4383-a522-022a93c0f33b,2026-06-07,95,1400249.0,6,False,0,0.0
8be26573-8c80-4383-a522-022a93c0f33b,2026-06-08,61,899107.0,0,False,1,3.369
8be26573-8c80-4383-a522-022a93c0f33b,2026-06-09,77,1134938.0,1,False,0,0.51
8be26573-8c80-4383-a522-022a93c0f33b,2026-06-10,71,1046502.0,2,False,3,4.064
8be26573-8c80-4383-a522-022a93c0f33b,2026-06-11,87,1282333.0,3,False,0,0.0
8be26573-8c80-4383-a522-022a93c0f33b,2026-06-12,84,1238115.0,4,False,2,5.405
8be26573-8c80-4383-a522-022a93c0f33b,2026-06-13,89,1311812.0,5,False,0,8.07
8be26573-8c80-4383-a522-022a93c0f33b,2026-06-14,83,1223375.0,6,False,3,4.138
8be26573-8c80-4383-a522-022a93c0f33b,2026-06-15,67,987544.0,0,False,2,1.274
8be26573-8c80-4383-a522-022a93c0f33b,2026-06-16,79,1164417.0,1,True,0,0.0
8be26573-8c80-4383-a522-022a93c0f33b,2026-06-17,72,1061241.0,2,False,1,3.73
8be26573-8c80-4383-a522-022a93c0f33b,2026-06-18,73,1075980.0,3,False,2,4.952
8be26573-8c80-4383-a522-022a93c0f33b,2026-06-19,88,1297072.0,4,False,0,3.852
8be26573-8c80-4383-a522-022a93c0f33b,2026-06-20,107,1577122.0,5,False,1,1.835
8be26573-8c80-4383-a522-022a93c0f33b,2026-06-21,78,1149678.0,6,False,0,6.121
8be26573-8c80-4383-a522-022a93c0f33b,2026-06-22,64,943325.0,0,False,2,2.342
8be26573-8c80-4383-a522-022a93c0f33b,2026-06-23,73,1075980.0,1,False,2,1.839
8be26573-8c80-4383-a522-022a93c0f33b,2026-06-24,83,1223375.0,2,False,1,0.0
8be26573-8c80-4383-a522-022a93c0f33b,2026-06-25,87,1282333.0,3,False,2,0.0
8be26573-8c80-4383-a522-022a93c0f33b,2026-06-26,93,1370770.0,4,False,0,2.358
8be26573-8c80-4383-a522-022a93c0f33b,2026-06-27,102,1503425.0,5,False,2,3.448
8be26573-8c80-4383-a522-022a93c0f33b,2026-06-28,87,1282333.0,6,False,2,3.044
8be26573-8c80-4383-a522-022a93c0f33b,2026-06-29,70,1031762.0,0,False,0,0.172
8be26573-8c80-4383-a522-022a93c0f33b,2026-06-30,79,1164417.0,1,False,1,0.0
8be26573-8c80-4383-a522-022a93c0f33b,2026-07-01,83,1223375.0,2,False,0,0.0
8be26573-8c80-4383-a522-022a93c0f33b,2026-07-02,83,1223375.0,3,False,3,1.302
8be26573-8c80-4383-a522-022a93c0f33b,2026-07-03,92,1356030.0,4,False,1,2.659
8be26573-8c80-4383-a522-022a93c0f33b,2026-07-04,112,1650819.0,5,False,0,0.0
8be26573-8c80-4383-a522-022a93c0f33b,2026-07-05,89,1311812.0,6,False,3,2.073
8be26573-8c80-4383-a522-022a93c0f33b,2026-07-06,57,840149.0,0,False,1,4.558
8be26573-8c80-4383-a522-022a93c0f33b,2026-07-07,72,1061241.0,1,False,0,2.26
8be26573-8c80-4383-a522-022a93c0f33b,2026-07-08,62,913846.0,2,False,3,7.432
8be26573-8c80-4383-a522-022a93c0f33b,2026-07-09,76,1120199.0,3,False,2,3.689
8be26573-8c80-4383-a522-022a93c0f33b,2026-07-10,84,1238115.0,4,False,2,5.486
8be26573-8c80-4383-a522-022a93c0f33b,2026-07-11,93,1370770.0,5,False,3,6.453
8be26573-8c80-4383-a522-022a93c0f33b,2026-07-12,71,1046502.0,6,False,3,8.448
8be26573-8c80-4383-a522-022a93c0f33b,2026-07-13,61,899107.0,0,False,2,3.266
8be26573-8c80-4383-a522-022a93c0f33b,2026-07-14,72,1061241.0,1,False,0,2.204
8be26573-8c80-4383-a522-022a93c0f33b,2026-07-15,78,1149678.0,2,False,0,1.812
8be26573-8c80-4383-a522-022a93c0f33b,2026-07-16,79,1164417.0,3,False,1,2.733
8be26573-8c80-4383-a522-022a93c0f33b,2026-07-17,99,1459206.0,4,False,0,0.0
8be26573-8c80-4383-a522-022a93c0f33b,2026-07-18,81,1193896.0,5,False,3,10.959
8be26573-8c80-4383-a522-022a93c0f33b,2026-07-19,91,1341291.0,6,False,1,1.618
8be26573-8c80-4383-a522-022a93c0f33b,2026-07-20,68,1002283.0,0,False,1,0.854
8be26573-8c80-4383-a522-022a93c0f33b,2026-07-21,72,1061241.0,1,False,0,2.445
8be26573-8c80-4383-a522-022a93c0f33b,2026-07-22,82,1208636.0,2,False,0,0.176
8be26573-8c80-4383-a522-022a93c0f33b,2026-07-23,85,1252854.0,3,False,0,0.602
8be26573-8c80-4383-a522-022a93c0f33b,2026-07-24,99,1459206.0,4,False,1,0.256
8be26573-8c80-4383-a522-022a93c0f33b,2026-07-25,109,1606601.0,5,False,1,1.159
8be26573-8c80-4383-a522-022a93c0f33b,2026-07-26,95,1400249.0,6,False,1,0.0
8be26573-8c80-4383-a522-022a93c0f33b,2026-07-27,70,1031762.0,0,False,0,0.0
8be26573-8c80-4383-a522-022a93c0f33b,2026-07-28,61,899107.0,1,False,3,6.043
8be26573-8c80-4383-a522-022a93c0f33b,2026-07-29,83,1223375.0,2,False,0,0.0
8be26573-8c80-4383-a522-022a93c0f33b,2026-07-30,87,1282333.0,3,False,1,0.0
8be26573-8c80-4383-a522-022a93c0f33b,2026-07-31,99,1459206.0,4,False,1,0.0
8be26573-8c80-4383-a522-022a93c0f33b,2026-08-01,112,1650819.0,5,False,0,0.0
8be26573-8c80-4383-a522-022a93c0f33b,2026-08-02,94,1385509.0,6,False,2,0.318
8be26573-8c80-4383-a522-022a93c0f33b,2026-08-03,67,987544.0,0,False,0,1.083
8be26573-8c80-4383-a522-022a93c0f33b,2026-08-04,78,1149678.0,1,False,2,0.245
8be26573-8c80-4383-a522-022a93c0f33b,2026-08-05,78,1149678.0,2,False,0,1.753
8be26573-8c80-4383-a522-022a93c0f33b,2026-08-06,68,1002283.0,3,False,3,6.51
8be26573-8c80-4383-a522-022a93c0f33b,2026-08-07,96,1414988.0,4,False,2,1.242
8be26573-8c80-4383-a522-022a93c0f33b,2026-08-08,99,1459206.0,5,False,1,4.432
8be26573-8c80-4383-a522-022a93c0f33b,2026-08-09,79,1164417.0,6,False,0,5.547
8be26573-8c80-4383-a522-022a93c0f33b,2026-08-10,52,766452.0,0,False,3,6.328
8be26573-8c80-4383-a522-022a93c0f33b,2026-08-11,59,869628.0,1,False,3,6.964
8be26573-8c80-4383-a522-022a93c0f33b,2026-08-12,78,1149678.0,2,False,0,1.642
8be26573-8c80-4383-a522-022a93c0f33b,2026-08-13,77,1134938.0,3,False,1,3.322
8be26573-8c80-4383-a522-022a93c0f33b,2026-08-14,99,1459206.0,4,False,1,0.0
8be26573-8c80-4383-a522-022a93c0f33b,2026-08-15,99,1459206.0,5,False,0,4.495
8be26573-8c80-4383-a522-022a93c0f33b,2026-08-16,78,1149678.0,6,False,1,6.072
8be26573-8c80-4383-a522-022a93c0f33b,2026-08-17,70,1031762.0,0,True,0,0.0
8be26573-8c80-4383-a522-022a93c0f33b,2026-08-18,79,1164417.0,1,False,0,0.0
8be26573-8c80-4383-a522-022a93c0f33b,2026-08-19,74,1090720.0,2,False,2,2.993
8be26573-8c80-4383-a522-022a93c0f33b,2026-08-20,78,1149678.0,3,False,0,3.287
8be26573-8c80-4383-a522-022a93c0f33b,2026-08-21,92,1356030.0,4,False,1,2.549
8be26573-8c80-4383-a522-022a93c0f33b,2026-08-22,112,1650819.0,5,False,1,0.0
8be26573-8c80-4383-a522-022a93c0f33b,2026-08-23,95,1400249.0,6,False,0,0.0
8be26573-8c80-4383-a522-022a93c0f33b,2026-08-24,69,1017023.0,0,False,1,0.505
8be26573-8c80-4383-a522-022a93c0f33b,2026-08-25,79,1164417.0,1,True,3,0.0
8be26573-8c80-4383-a522-022a93c0f33b,2026-08-26,82,1208636.0,2,False,1,0.42
8be26573-8c80-4383-a522-022a93c0f33b,2026-08-27,84,1238115.0,3,False,1,1.151
8be26573-8c80-4383-a522-022a93c0f33b,2026-08-28,97,1429728.0,4,False,0,0.763
979bf43d-028e-4269-8294-8e31769db8eb,2026-05-31,104,2249359.0,6,False,0,2.414
979bf43d-028e-4269-8294-8e31769db8eb,2026-06-01,85,1838418.0,0,True,0,0.0
979bf43d-028e-4269-8294-8e31769db8eb,2026-06-02,88,1903303.0,1,False,2,1.423
979bf43d-028e-4269-8294-8e31769db8eb,2026-06-03,88,1903303.0,2,False,0,2.466
979bf43d-028e-4269-8294-8e31769db8eb,2026-06-04,87,1881675.0,3,False,3,3.623
979bf43d-028e-4269-8294-8e31769db8eb,2026-06-05,109,2357501.0,4,False,1,2.429
979bf43d-028e-4269-8294-8e31769db8eb,2026-06-06,105,2270987.0,5,False,0,6.061
979bf43d-028e-4269-8294-8e31769db8eb,2026-06-07,104,2249359.0,6,False,1,2.428
979bf43d-028e-4269-8294-8e31769db8eb,2026-06-08,64,1384221.0,0,False,0,4.322
979bf43d-028e-4269-8294-8e31769db8eb,2026-06-09,86,1860047.0,1,False,0,1.876
979bf43d-028e-4269-8294-8e31769db8eb,2026-06-10,83,1795161.0,2,False,0,3.555
979bf43d-028e-4269-8294-8e31769db8eb,2026-06-11,81,1751904.0,3,False,0,4.989
979bf43d-028e-4269-8294-8e31769db8eb,2026-06-12,110,2379129.0,4,False,0,2.1
979bf43d-028e-4269-8294-8e31769db8eb,2026-06-13,123,2660299.0,5,False,0,2.499
979bf43d-028e-4269-8294-8e31769db8eb,2026-06-14,92,1989817.0,6,False,0,4.776
979bf43d-028e-4269-8294-8e31769db8eb,2026-06-15,72,1557248.0,0,False,1,2.602
979bf43d-028e-4269-8294-8e31769db8eb,2026-06-16,96,2076331.0,1,True,1,0.0
979bf43d-028e-4269-8294-8e31769db8eb,2026-06-17,92,1989817.0,2,False,0,1.787
979bf43d-028e-4269-8294-8e31769db8eb,2026-06-18,82,1773533.0,3,False,2,4.677
979bf43d-028e-4269-8294-8e31769db8eb,2026-06-19,98,2119588.0,4,False,2,4.568
979bf43d-028e-4269-8294-8e31769db8eb,2026-06-20,123,2660299.0,5,False,0,2.607
979bf43d-028e-4269-8294-8e31769db8eb,2026-06-21,104,2249359.0,6,False,2,2.297
979bf43d-028e-4269-8294-8e31769db8eb,2026-06-22,83,1795161.0,0,False,0,0.501
979bf43d-028e-4269-8294-8e31769db8eb,2026-06-23,75,1622134.0,1,False,0,4.054
979bf43d-028e-4269-8294-8e31769db8eb,2026-06-24,83,1795161.0,2,False,1,3.575
979bf43d-028e-4269-8294-8e31769db8eb,2026-06-25,98,2119588.0,3,False,0,1.539
979bf43d-028e-4269-8294-8e31769db8eb,2026-06-26,116,2508900.0,4,False,0,0.945
979bf43d-028e-4269-8294-8e31769db8eb,2026-06-27,122,2638671.0,5,False,1,2.817
979bf43d-028e-4269-8294-8e31769db8eb,2026-06-28,116,2508900.0,6,False,2,0.0
979bf43d-028e-4269-8294-8e31769db8eb,2026-06-29,84,1816790.0,0,False,0,0.222
979bf43d-028e-4269-8294-8e31769db8eb,2026-06-30,78,1687019.0,1,False,0,3.509
979bf43d-028e-4269-8294-8e31769db8eb,2026-07-01,101,2184473.0,2,False,2,0.0
979bf43d-028e-4269-8294-8e31769db8eb,2026-07-02,100,2162845.0,3,False,1,1.207
979bf43d-028e-4269-8294-8e31769db8eb,2026-07-03,108,2335872.0,4,False,0,2.472
979bf43d-028e-4269-8294-8e31769db8eb,2026-07-04,121,2617042.0,5,False,3,2.919
979bf43d-028e-4269-8294-8e31769db8eb,2026-07-05,111,2400758.0,6,False,0,0.961
979bf43d-028e-4269-8294-8e31769db8eb,2026-07-06,79,1708647.0,0,False,1,1.347
979bf43d-028e-4269-8294-8e31769db8eb,2026-07-07,78,1687019.0,1,False,1,3.584
979bf43d-028e-4269-8294-8e31769db8eb,2026-07-08,72,1557248.0,2,False,3,5.738
979bf43d-028e-4269-8294-8e31769db8eb,2026-07-09,94,2033074.0,3,False,0,2.302
979bf43d-028e-4269-8294-8e31769db8eb,2026-07-10,86,1860047.0,4,False,3,6.901
979bf43d-028e-4269-8294-8e31769db8eb,2026-07-11,116,2508900.0,5,False,1,4.047
979bf43d-028e-4269-8294-8e31769db8eb,2026-07-12,86,1860047.0,6,False,3,6.018
979bf43d-028e-4269-8294-8e31769db8eb,2026-07-13,77,1665390.0,0,False,0,1.669
979bf43d-028e-4269-8294-8e31769db8eb,2026-07-14,78,1687019.0,1,False,1,3.456
979bf43d-028e-4269-8294-8e31769db8eb,2026-07-15,88,1903303.0,2,False,0,2.601
979bf43d-028e-4269-8294-8e31769db8eb,2026-07-16,89,1924932.0,3,False,1,3.395
979bf43d-028e-4269-8294-8e31769db8eb,2026-07-17,96,2076331.0,4,False,0,5.038
979bf43d-028e-4269-8294-8e31769db8eb,2026-07-18,108,2335872.0,5,False,2,5.463
979bf43d-028e-4269-8294-8e31769db8eb,2026-07-19,107,2314244.0,6,False,2,1.823
979bf43d-028e-4269-8294-8e31769db8eb,2026-07-20,70,1513991.0,0,False,3,3.138
979bf43d-028e-4269-8294-8e31769db8eb,2026-07-21,91,1968189.0,1,False,2,0.989
979bf43d-028e-4269-8294-8e31769db8eb,2026-07-22,85,1838418.0,2,False,2,3.127
979bf43d-028e-4269-8294-8e31769db8eb,2026-07-23,92,1989817.0,3,False,1,2.705
979bf43d-028e-4269-8294-8e31769db8eb,2026-07-24,114,2465643.0,4,False,1,1.381
979bf43d-028e-4269-8294-8e31769db8eb,2026-07-25,136,2941469.0,5,False,1,0.0
979bf43d-028e-4269-8294-8e31769db8eb,2026-07-26,105,2270987.0,6,False,0,2.138
979bf43d-028e-4269-8294-8e31769db8eb,2026-07-27,76,1643762.0,0,False,0,1.851
979bf43d-028e-4269-8294-8e31769db8eb,2026-07-28,91,1968189.0,1,False,0,0.984
979bf43d-028e-4269-8294-8e31769db8eb,2026-07-29,101,2184473.0,2,False,0,0.0
979bf43d-028e-4269-8294-8e31769db8eb,2026-07-30,101,2184473.0,3,False,1,0.994
979bf43d-028e-4269-8294-8e31769db8eb,2026-07-31,99,2141216.0,4,False,3,4.252
979bf43d-028e-4269-8294-8e31769db8eb,2026-08-01,121,2617042.0,5,False,2,3.003
979bf43d-028e-4269-8294-8e31769db8eb,2026-08-02,109,2357501.0,6,False,0,1.299
979bf43d-028e-4269-8294-8e31769db8eb,2026-08-03,79,1708647.0,0,False,1,1.204
979bf43d-028e-4269-8294-8e31769db8eb,2026-08-04,96,2076331.0,1,False,1,0.0
979bf43d-028e-4269-8294-8e31769db8eb,2026-08-05,88,1903303.0,2,False,3,2.593
979bf43d-028e-4269-8294-8e31769db8eb,2026-08-06,84,1816790.0,3,False,1,4.304
979bf43d-028e-4269-8294-8e31769db8eb,2026-08-07,116,2508900.0,4,False,1,0.895
979bf43d-028e-4269-8294-8e31769db8eb,2026-08-08,134,2898212.0,5,False,0,0.453
979bf43d-028e-4269-8294-8e31769db8eb,2026-08-09,91,1968189.0,6,False,2,4.956
979bf43d-028e-4269-8294-8e31769db8eb,2026-08-10,68,1470734.0,0,False,3,3.545
979bf43d-028e-4269-8294-8e31769db8eb,2026-08-11,78,1687019.0,1,False,1,3.493
979bf43d-028e-4269-8294-8e31769db8eb,2026-08-12,72,1557248.0,2,False,3,5.626
979bf43d-028e-4269-8294-8e31769db8eb,2026-08-13,80,1730276.0,3,False,2,5.207
979bf43d-028e-4269-8294-8e31769db8eb,2026-08-14,91,1968189.0,4,False,1,5.9
979bf43d-028e-4269-8294-8e31769db8eb,2026-08-15,108,2335872.0,5,False,3,5.596
979bf43d-028e-4269-8294-8e31769db8eb,2026-08-16,104,2249359.0,6,False,0,2.408
979bf43d-028e-4269-8294-8e31769db8eb,2026-08-17,85,1838418.0,0,True,0,0.0
979bf43d-028e-4269-8294-8e31769db8eb,2026-08-18,82,1773533.0,1,False,0,2.627
979bf43d-028e-4269-8294-8e31769db8eb,2026-08-19,84,1816790.0,2,False,0,3.353
979bf43d-028e-4269-8294-8e31769db8eb,2026-08-20,106,2292615.0,3,False,0,0.0
979bf43d-028e-4269-8294-8e31769db8eb,2026-08-21,111,2400758.0,4,False,0,2.039
979bf43d-028e-4269-8294-8e31769db8eb,2026-08-22,105,2270987.0,5,False,3,6.151
979bf43d-028e-4269-8294-8e31769db8eb,2026-08-23,94,2033074.0,6,False,1,4.397
979bf43d-028e-4269-8294-8e31769db8eb,2026-08-24,72,1557248.0,0,False,0,2.667
979bf43d-028e-4269-8294-8e31769db8eb,2026-08-25,96,2076331.0,1,True,2,0.0
979bf43d-028e-4269-8294-8e31769db8eb,2026-08-26,93,2011446.0,2,False,0,1.465
979bf43d-028e-4269-8294-8e31769db8eb,2026-08-27,105,2270987.0,3,False,1,0.054
979bf43d-028e-4269-8294-8e31769db8eb,2026-08-28,119,2573785.0,4,False,0,0.321
a0541ed4-ef73-47e3-b60a-b02df5c260f3,2026-05-31,91,1309693.0,6,False,0,0.714
a0541ed4-ef73-47e3-b60a-b02df5c260f3,2026-06-01,69,993064.0,0,True,0,0.0
a0541ed4-ef73-47e3-b60a-b02df5c260f3,2026-06-02,77,1108201.0,1,False,2,0.0
a0541ed4-ef73-47e3-b60a-b02df5c260f3,2026-06-03,76,1093809.0,2,False,0,1.558
a0541ed4-ef73-47e3-b60a-b02df5c260f3,2026-06-04,85,1223339.0,3,False,1,0.0
a0541ed4-ef73-47e3-b60a-b02df5c260f3,2026-06-05,80,1151378.0,4,False,3,6.13
a0541ed4-ef73-47e3-b60a-b02df5c260f3,2026-06-06,107,1539968.0,5,False,1,0.776
a0541ed4-ef73-47e3-b60a-b02df5c260f3,2026-06-07,75,1079417.0,6,False,2,6.434
a0541ed4-ef73-47e3-b60a-b02df5c260f3,2026-06-08,63,906710.0,0,False,0,2.122
a0541ed4-ef73-47e3-b60a-b02df5c260f3,2026-06-09,71,1021848.0,1,False,2,2.174
a0541ed4-ef73-47e3-b60a-b02df5c260f3,2026-06-10,79,1136986.0,2,False,0,0.565
a0541ed4-ef73-47e3-b60a-b02df5c260f3,2026-06-11,63,906710.0,3,False,0,7.705
a0541ed4-ef73-47e3-b60a-b02df5c260f3,2026-06-12,71,1021848.0,4,False,0,8.993
a0541ed4-ef73-47e3-b60a-b02df5c260f3,2026-06-13,96,1381654.0,5,False,0,4.504
a0541ed4-ef73-47e3-b60a-b02df5c260f3,2026-06-14,84,1208947.0,6,False,0,3.085
a0541ed4-ef73-47e3-b60a-b02df5c260f3,2026-06-15,60,863534.0,0,False,1,2.935
a0541ed4-ef73-47e3-b60a-b02df5c260f3,2026-06-16,77,1108201.0,1,True,1,0.0
a0541ed4-ef73-47e3-b60a-b02df5c260f3,2026-06-17,73,1050633.0,2,False,0,2.909
a0541ed4-ef73-47e3-b60a-b02df5c260f3,2026-06-18,72,1036240.0,3,False,2,4.561
a0541ed4-ef73-47e3-b60a-b02df5c260f3,2026-06-19,86,1237731.0,4,False,2,3.691
a0541ed4-ef73-47e3-b60a-b02df5c260f3,2026-06-20,90,1295300.0,5,False,2,6.88
a0541ed4-ef73-47e3-b60a-b02df5c260f3,2026-06-21,84,1208947.0,6,False,1,2.991
a0541ed4-ef73-47e3-b60a-b02df5c260f3,2026-06-22,65,935495.0,0,False,2,1.476
a0541ed4-ef73-47e3-b60a-b02df5c260f3,2026-06-23,72,1036240.0,1,False,0,1.665
a0541ed4-ef73-47e3-b60a-b02df5c260f3,2026-06-24,71,1021848.0,2,False,0,3.579
a0541ed4-ef73-47e3-b60a-b02df5c260f3,2026-06-25,85,1223339.0,3,False,2,0.0
a0541ed4-ef73-47e3-b60a-b02df5c260f3,2026-06-26,92,1324085.0,4,False,0,1.869
a0541ed4-ef73-47e3-b60a-b02df5c260f3,2026-06-27,108,1554360.0,5,False,1,0.474
a0541ed4-ef73-47e3-b60a-b02df5c260f3,2026-06-28,76,1093809.0,6,False,1,5.832
a0541ed4-ef73-47e3-b60a-b02df5c260f3,2026-06-29,63,906710.0,0,False,1,2.174
a0541ed4-ef73-47e3-b60a-b02df5c260f3,2026-06-30,69,993064.0,1,False,0,2.706
a0541ed4-ef73-47e3-b60a-b02df5c260f3,2026-07-01,81,1165770.0,2,False,0,0.0
a0541ed4-ef73-47e3-b60a-b02df5c260f3,2026-07-02,85,1223339.0,3,False,0,0.0
a0541ed4-ef73-47e3-b60a-b02df5c260f3,2026-07-03,97,1396046.0,4,False,1,0.0
a0541ed4-ef73-47e3-b60a-b02df5c260f3,2026-07-04,109,1568753.0,5,False,0,0.0
a0541ed4-ef73-47e3-b60a-b02df5c260f3,2026-07-05,93,1338477.0,6,False,1,0.0
a0541ed4-ef73-47e3-b60a-b02df5c260f3,2026-07-06,61,877926.0,0,False,0,2.554
a0541ed4-ef73-47e3-b60a-b02df5c260f3,2026-07-07,75,1079417.0,1,False,1,0.552
a0541ed4-ef73-47e3-b60a-b02df5c260f3,2026-07-08,72,1036240.0,2,False,2,3.072
a0541ed4-ef73-47e3-b60a-b02df5c260f3,2026-07-09,80,1151378.0,3,False,1,1.792
a0541ed4-ef73-47e3-b60a-b02df5c260f3,2026-07-10,81,1165770.0,4,False,0,5.741
a0541ed4-ef73-47e3-b60a-b02df5c260f3,2026-07-11,95,1367262.0,5,False,0,4.916
a0541ed4-ef73-47e3-b60a-b02df5c260f3,2026-07-12,72,1036240.0,6,False,3,7.195
a0541ed4-ef73-47e3-b60a-b02df5c260f3,2026-07-13,58,834749.0,0,False,3,3.887
a0541ed4-ef73-47e3-b60a-b02df5c260f3,2026-07-14,69,993064.0,1,False,1,2.899
a0541ed4-ef73-47e3-b60a-b02df5c260f3,2026-07-15,76,1093809.0,2,False,2,1.726
a0541ed4-ef73-47e3-b60a-b02df5c260f3,2026-07-16,77,1108201.0,3,False,1,2.809
a0541ed4-ef73-47e3-b60a-b02df5c260f3,2026-07-17,86,1237731.0,4,False,0,3.856
a0541ed4-ef73-47e3-b60a-b02df5c260f3,2026-07-18,95,1367262.0,5,False,0,4.893
a0541ed4-ef73-47e3-b60a-b02df5c260f3,2026-07-19,83,1194555.0,6,False,0,3.46
a0541ed4-ef73-47e3-b60a-b02df5c260f3,2026-07-20,58,834749.0,0,False,1,3.875
a0541ed4-ef73-47e3-b60a-b02df5c260f3,2026-07-21,69,993064.0,1,False,1,2.908
a0541ed4-ef73-47e3-b60a-b02df5c260f3,2026-07-22,81,1165770.0,2,False,1,0.0
a0541ed4-ef73-47e3-b60a-b02df5c260f3,2026-07-23,80,1151378.0,3,False,1,1.881
a0541ed4-ef73-47e3-b60a-b02df5c260f3,2026-07-24,89,1280908.0,4,False,0,2.716
a0541ed4-ef73-47e3-b60a-b02df5c260f3,2026-07-25,97,1396046.0,5,False,3,4.158
a0541ed4-ef73-47e3-b60a-b02df5c260f3,2026-07-26,93,1338477.0,6,False,2,0.0
a0541ed4-ef73-47e3-b60a-b02df5c260f3,2026-07-27,64,921102.0,0,False,3,1.663
a0541ed4-ef73-47e3-b60a-b02df5c260f3,2026-07-28,77,1108201.0,1,False,1,0.0
a0541ed4-ef73-47e3-b60a-b02df5c260f3,2026-07-29,76,1093809.0,2,False,0,1.831
a0541ed4-ef73-47e3-b60a-b02df5c260f3,2026-07-30,85,1223339.0,3,False,1,0.0
a0541ed4-ef73-47e3-b60a-b02df5c260f3,2026-07-31,97,1396046.0,4,False,1,0.0
a0541ed4-ef73-47e3-b60a-b02df5c260f3,2026-08-01,109,1568753.0,5,False,0,0.0
a0541ed4-ef73-47e3-b60a-b02df5c260f3,2026-08-02,82,1180163.0,6,False,0,3.926
a0541ed4-ef73-47e3-b60a-b02df5c260f3,2026-08-03,69,993064.0,0,False,3,0.0
a0541ed4-ef73-47e3-b60a-b02df5c260f3,2026-08-04,74,1065025.0,1,False,0,1.053
a0541ed4-ef73-47e3-b60a-b02df5c260f3,2026-08-05,79,1136986.0,2,False,0,0.791
a0541ed4-ef73-47e3-b60a-b02df5c260f3,2026-08-06,74,1065025.0,3,False,3,3.687
a0541ed4-ef73-47e3-b60a-b02df5c260f3,2026-08-07,78,1122594.0,4,False,1,6.578
a0541ed4-ef73-47e3-b60a-b02df5c260f3,2026-08-08,93,1338477.0,5,False,3,5.539
a0541ed4-ef73-47e3-b60a-b02df5c260f3,2026-08-09,82,1180163.0,6,False,0,4.006
a0541ed4-ef73-47e3-b60a-b02df5c260f3,2026-08-10,67,964279.0,0,False,1,0.525
a0541ed4-ef73-47e3-b60a-b02df5c260f3,2026-08-11,77,1108201.0,1,False,2,0.0
a0541ed4-ef73-47e3-b60a-b02df5c260f3,2026-08-12,75,1079417.0,2,False,0,2.061
a0541ed4-ef73-47e3-b60a-b02df5c260f3,2026-08-13,77,1108201.0,3,False,0,2.812
a0541ed4-ef73-47e3-b60a-b02df5c260f3,2026-08-14,75,1079417.0,4,False,0,7.849
a0541ed4-ef73-47e3-b60a-b02df5c260f3,2026-08-15,101,1453615.0,5,False,1,2.894
a0541ed4-ef73-47e3-b60a-b02df5c260f3,2026-08-16,78,1122594.0,6,False,0,5.213
a0541ed4-ef73-47e3-b60a-b02df5c260f3,2026-08-17,69,993064.0,0,True,0,0.0
a0541ed4-ef73-47e3-b60a-b02df5c260f3,2026-08-18,77,1108201.0,1,False,2,0.0
a0541ed4-ef73-47e3-b60a-b02df5c260f3,2026-08-19,65,935495.0,2,False,0,5.413
a0541ed4-ef73-47e3-b60a-b02df5c260f3,2026-08-20,82,1180163.0,3,False,1,1.007
a0541ed4-ef73-47e3-b60a-b02df5c260f3,2026-08-21,81,1165770.0,4,False,2,5.514
a0541ed4-ef73-47e3-b60a-b02df5c260f3,2026-08-22,82,1180163.0,5,False,3,9.478
a0541ed4-ef73-47e3-b60a-b02df5c260f3,2026-08-23,76,1093809.0,6,False,0,5.976
a0541ed4-ef73-47e3-b60a-b02df5c260f3,2026-08-24,63,906710.0,0,False,0,2.14
a0541ed4-ef73-47e3-b60a-b02df5c260f3,2026-08-25,77,1108201.0,1,True,2,0.0
a0541ed4-ef73-47e3-b60a-b02df5c260f3,2026-08-26,76,1093809.0,2,False,2,1.635
a0541ed4-ef73-47e3-b60a-b02df5c260f3,2026-08-27,85,1223339.0,3,False,1,0.0
a0541ed4-ef73-47e3-b60a-b02df5c260f3,2026-08-28,89,1280908.0,4,False,0,2.894
a280b225-e9df-49c0-9e53-0e247b9a66b4,2026-05-31,58,857573.0,6,False,0,1.764
a280b225-e9df-49c0-9e53-0e247b9a66b4,2026-06-01,46,680144.0,0,True,0,0.0
a280b225-e9df-49c0-9e53-0e247b9a66b4,2026-06-02,52,768858.0,1,False,1,0.0
a280b225-e9df-49c0-9e53-0e247b9a66b4,2026-06-03,47,694930.0,2,False,0,2.445
a280b225-e9df-49c0-9e53-0e247b9a66b4,2026-06-04,57,842787.0,3,False,0,0.0
a280b225-e9df-49c0-9e53-0e247b9a66b4,2026-06-05,62,916716.0,4,False,1,1.0
a280b225-e9df-49c0-9e53-0e247b9a66b4,2026-06-06,63,931501.0,5,False,1,3.494
a280b225-e9df-49c0-9e53-0e247b9a66b4,2026-06-07,58,857573.0,6,False,1,1.483
a280b225-e9df-49c0-9e53-0e247b9a66b4,2026-06-08,34,502715.0,0,False,3,4.265
a280b225-e9df-49c0-9e53-0e247b9a66b4,2026-06-09,45,665358.0,1,False,1,2.184
a280b225-e9df-49c0-9e53-0e247b9a66b4,2026-06-10,45,665358.0,2,False,1,3.403
a280b225-e9df-49c0-9e53-0e247b9a66b4,2026-06-11,50,739287.0,3,False,3,2.544
a280b225-e9df-49c0-9e53-0e247b9a66b4,2026-06-12,53,783644.0,4,False,2,4.367
a280b225-e9df-49c0-9e53-0e247b9a66b4,2026-06-13,69,1020216.0,5,False,0,1.725
a280b225-e9df-49c0-9e53-0e247b9a66b4,2026-06-14,58,857573.0,6,False,2,1.672
a280b225-e9df-49c0-9e53-0e247b9a66b4,2026-06-15,42,621001.0,0,False,1,1.59
a280b225-e9df-49c0-9e53-0e247b9a66b4,2026-06-16,52,768858.0,1,True,0,0.0
a280b225-e9df-49c0-9e53-0e247b9a66b4,2026-06-17,50,739287.0,2,False,0,1.651
a280b225-e9df-49c0-9e53-0e247b9a66b4,2026-06-18,52,768858.0,3,False,1,1.711
a280b225-e9df-49c0-9e53-0e247b9a66b4,2026-06-19,56,828001.0,4,False,0,3.426
a280b225-e9df-49c0-9e53-0e247b9a66b4,2026-06-20,62,916716.0,5,False,0,4.159
a280b225-e9df-49c0-9e53-0e247b9a66b4,2026-06-21,58,857573.0,6,False,2,1.778
a280b225-e9df-49c0-9e53-0e247b9a66b4,2026-06-22,44,650572.0,0,False,1,0.909
a280b225-e9df-49c0-9e53-0e247b9a66b4,2026-06-23,38,561858.0,1,False,3,4.668
a280b225-e9df-49c0-9e53-0e247b9a66b4,2026-06-24,45,665358.0,2,False,1,3.443
a280b225-e9df-49c0-9e53-0e247b9a66b4,2026-06-25,51,754072.0,3,False,1,2.193
a280b225-e9df-49c0-9e53-0e247b9a66b4,2026-06-26,53,783644.0,4,False,2,4.288
a280b225-e9df-49c0-9e53-0e247b9a66b4,2026-06-27,60,887144.0,5,False,2,4.847
a280b225-e9df-49c0-9e53-0e247b9a66b4,2026-06-28,53,783644.0,6,False,1,3.322
a280b225-e9df-49c0-9e53-0e247b9a66b4,2026-06-29,44,650572.0,0,False,0,0.616
a280b225-e9df-49c0-9e53-0e247b9a66b4,2026-06-30,51,754072.0,1,False,0,0.247
a280b225-e9df-49c0-9e53-0e247b9a66b4,2026-07-01,54,798430.0,2,False,0,0.0
a280b225-e9df-49c0-9e53-0e247b9a66b4,2026-07-02,57,842787.0,3,False,0,0.0
a280b225-e9df-49c0-9e53-0e247b9a66b4,2026-07-03,58,857573.0,4,False,3,2.388
a280b225-e9df-49c0-9e53-0e247b9a66b4,2026-07-04,68,1005430.0,5,False,0,1.82
a280b225-e9df-49c0-9e53-0e247b9a66b4,2026-07-05,52,768858.0,6,False,3,3.743
a280b225-e9df-49c0-9e53-0e247b9a66b4,2026-07-06,36,532286.0,0,False,1,3.482
a280b225-e9df-49c0-9e53-0e247b9a66b4,2026-07-07,39,576644.0,1,False,3,4.606
a280b225-e9df-49c0-9e53-0e247b9a66b4,2026-07-08,43,635787.0,2,False,0,3.911
a280b225-e9df-49c0-9e53-0e247b9a66b4,2026-07-09,50,739287.0,3,False,0,2.665
a280b225-e9df-49c0-9e53-0e247b9a66b4,2026-07-10,50,739287.0,4,False,1,5.232
a280b225-e9df-49c0-9e53-0e247b9a66b4,2026-07-11,63,931501.0,5,False,0,3.503
a280b225-e9df-49c0-9e53-0e247b9a66b4,2026-07-12,60,887144.0,6,False,2,1.003
a280b225-e9df-49c0-9e53-0e247b9a66b4,2026-07-13,42,621001.0,0,False,0,1.486
a280b225-e9df-49c0-9e53-0e247b9a66b4,2026-07-14,47,694930.0,1,False,1,1.642
a280b225-e9df-49c0-9e53-0e247b9a66b4,2026-07-15,46,680144.0,2,False,1,2.967
a280b225-e9df-49c0-9e53-0e247b9a66b4,2026-07-16,42,621001.0,3,False,3,5.469
a280b225-e9df-49c0-9e53-0e247b9a66b4,2026-07-17,50,739287.0,4,False,0,5.51
a280b225-e9df-49c0-9e53-0e247b9a66b4,2026-07-18,63,931501.0,5,False,1,3.807
a280b225-e9df-49c0-9e53-0e247b9a66b4,2026-07-19,46,680144.0,6,False,0,5.682
a280b225-e9df-49c0-9e53-0e247b9a66b4,2026-07-20,44,650572.0,0,False,0,0.809
a280b225-e9df-49c0-9e53-0e247b9a66b4,2026-07-21,47,694930.0,1,False,1,1.768
a280b225-e9df-49c0-9e53-0e247b9a66b4,2026-07-22,48,709715.0,2,False,0,2.225
a280b225-e9df-49c0-9e53-0e247b9a66b4,2026-07-23,50,739287.0,3,False,2,2.564
a280b225-e9df-49c0-9e53-0e247b9a66b4,2026-07-24,61,901930.0,4,False,1,1.484
a280b225-e9df-49c0-9e53-0e247b9a66b4,2026-07-25,73,1079359.0,5,False,0,0.0
a280b225-e9df-49c0-9e53-0e247b9a66b4,2026-07-26,61,901930.0,6,False,0,0.393
a280b225-e9df-49c0-9e53-0e247b9a66b4,2026-07-27,42,621001.0,0,False,1,1.544
a280b225-e9df-49c0-9e53-0e247b9a66b4,2026-07-28,52,768858.0,1,False,1,0.0
a280b225-e9df-49c0-9e53-0e247b9a66b4,2026-07-29,54,798430.0,2,False,1,0.0
a280b225-e9df-49c0-9e53-0e247b9a66b4,2026-07-30,57,842787.0,3,False,0,0.0
a280b225-e9df-49c0-9e53-0e247b9a66b4,2026-07-31,62,916716.0,4,False,1,1.027
a280b225-e9df-49c0-9e53-0e247b9a66b4,2026-08-01,62,916716.0,5,False,3,4.15
a280b225-e9df-49c0-9e53-0e247b9a66b4,2026-08-02,50,739287.0,6,False,3,4.576
a280b225-e9df-49c0-9e53-0e247b9a66b4,2026-08-03,44,650572.0,0,False,1,0.92
a280b225-e9df-49c0-9e53-0e247b9a66b4,2026-08-04,50,739287.0,1,False,0,0.572
a280b225-e9df-49c0-9e53-0e247b9a66b4,2026-08-05,46,680144.0,2,False,3,3.089
a280b225-e9df-49c0-9e53-0e247b9a66b4,2026-08-06,49,724501.0,3,False,0,2.968
a280b225-e9df-49c0-9e53-0e247b9a66b4,2026-08-07,52,768858.0,4,False,2,4.566
a280b225-e9df-49c0-9e53-0e247b9a66b4,2026-08-08,56,828001.0,5,False,2,5.994
a280b225-e9df-49c0-9e53-0e247b9a66b4,2026-08-09,54,798430.0,6,False,1,2.92
a280b225-e9df-49c0-9e53-0e247b9a66b4,2026-08-10,39,576644.0,0,False,0,2.478
a280b225-e9df-49c0-9e53-0e247b9a66b4,2026-08-11,46,680144.0,1,False,0,1.892
a280b225-e9df-49c0-9e53-0e247b9a66b4,2026-08-12,50,739287.0,2,False,1,1.436
a280b225-e9df-49c0-9e53-0e247b9a66b4,2026-08-13,52,768858.0,3,False,1,1.97
a280b225-e9df-49c0-9e53-0e247b9a66b4,2026-08-14,51,754072.0,4,False,1,4.903
a280b225-e9df-49c0-9e53-0e247b9a66b4,2026-08-15,58,857573.0,5,False,0,5.513
a280b225-e9df-49c0-9e53-0e247b9a66b4,2026-08-16,54,798430.0,6,False,0,2.982
a280b225-e9df-49c0-9e53-0e247b9a66b4,2026-08-17,46,680144.0,0,True,0,0.0
a280b225-e9df-49c0-9e53-0e247b9a66b4,2026-08-18,51,754072.0,1,False,0,0.173
a280b225-e9df-49c0-9e53-0e247b9a66b4,2026-08-19,46,680144.0,2,False,1,3.093
a280b225-e9df-49c0-9e53-0e247b9a66b4,2026-08-20,50,739287.0,3,False,1,2.339
a280b225-e9df-49c0-9e53-0e247b9a66b4,2026-08-21,65,961073.0,4,False,0,0.0
a280b225-e9df-49c0-9e53-0e247b9a66b4,2026-08-22,62,916716.0,5,False,1,3.935
a280b225-e9df-49c0-9e53-0e247b9a66b4,2026-08-23,56,828001.0,6,False,0,2.422
a280b225-e9df-49c0-9e53-0e247b9a66b4,2026-08-24,40,591429.0,0,False,1,2.359
a280b225-e9df-49c0-9e53-0e247b9a66b4,2026-08-25,52,768858.0,1,True,3,0.0
a280b225-e9df-49c0-9e53-0e247b9a66b4,2026-08-26,54,798430.0,2,False,1,0.0
a280b225-e9df-49c0-9e53-0e247b9a66b4,2026-08-27,57,842787.0,3,False,1,0.0
a280b225-e9df-49c0-9e53-0e247b9a66b4,2026-08-28,59,872358.0,4,False,1,2.177
a8657a00-f7a0-4c70-ae03-da4c05687c3b,2026-05-31,140,3335087.0,6,False,1,4.687
a8657a00-f7a0-4c70-ae03-da4c05687c3b,2026-06-01,113,2691892.0,0,True,0,0.0
a8657a00-f7a0-4c70-ae03-da4c05687c3b,2026-06-02,127,3025401.0,1,False,2,0.0
a8657a00-f7a0-4c70-ae03-da4c05687c3b,2026-06-03,133,3168333.0,2,False,1,0.0
a8657a00-f7a0-4c70-ae03-da4c05687c3b,2026-06-04,133,3168333.0,3,False,1,2.55
a8657a00-f7a0-4c70-ae03-da4c05687c3b,2026-06-05,160,3811528.0,4,False,1,0.0
a8657a00-f7a0-4c70-ae03-da4c05687c3b,2026-06-06,180,4287969.0,5,False,2,0.0
a8657a00-f7a0-4c70-ae03-da4c05687c3b,2026-06-07,153,3644774.0,6,False,2,0.0
a8657a00-f7a0-4c70-ae03-da4c05687c3b,2026-06-08,102,2429849.0,0,False,1,3.858
a8657a00-f7a0-4c70-ae03-da4c05687c3b,2026-06-09,107,2548960.0,1,False,3,6.914
a8657a00-f7a0-4c70-ae03-da4c05687c3b,2026-06-10,115,2739536.0,2,False,3,6.45
a8657a00-f7a0-4c70-ae03-da4c05687c3b,2026-06-11,121,2882468.0,3,False,3,6.725
a8657a00-f7a0-4c70-ae03-da4c05687c3b,2026-06-12,131,3120689.0,4,False,3,10.056
a8657a00-f7a0-4c70-ae03-da4c05687c3b,2026-06-13,180,4287969.0,5,False,2,0.0
a8657a00-f7a0-4c70-ae03-da4c05687c3b,2026-06-14,146,3478020.0,6,False,0,2.595
a8657a00-f7a0-4c70-ae03-da4c05687c3b,2026-06-15,100,2382205.0,0,False,3,4.701
a8657a00-f7a0-4c70-ae03-da4c05687c3b,2026-06-16,127,3025401.0,1,True,0,0.0
a8657a00-f7a0-4c70-ae03-da4c05687c3b,2026-06-17,128,3049223.0,2,False,0,2.053
a8657a00-f7a0-4c70-ae03-da4c05687c3b,2026-06-18,135,3215977.0,3,False,1,1.674
a8657a00-f7a0-4c70-ae03-da4c05687c3b,2026-06-19,160,3811528.0,4,False,1,0.0
a8657a00-f7a0-4c70-ae03-da4c05687c3b,2026-06-20,163,3882995.0,5,False,1,5.886
a8657a00-f7a0-4c70-ae03-da4c05687c3b,2026-06-21,146,3478020.0,6,False,1,2.713
a8657a00-f7a0-4c70-ae03-da4c05687c3b,2026-06-22,101,2406027.0,0,False,2,4.446
a8657a00-f7a0-4c70-ae03-da4c05687c3b,2026-06-23,119,2834824.0,1,False,1,2.618
a8657a00-f7a0-4c70-ae03-da4c05687c3b,2026-06-24,120,2858646.0,2,False,0,4.849
a8657a00-f7a0-4c70-ae03-da4c05687c3b,2026-06-25,140,3335087.0,3,False,0,0.0
a8657a00-f7a0-4c70-ae03-da4c05687c3b,2026-06-26,160,3811528.0,4,False,3,0.0
a8657a00-f7a0-4c70-ae03-da4c05687c3b,2026-06-27,180,4287969.0,5,False,0,0.0
a8657a00-f7a0-4c70-ae03-da4c05687c3b,2026-06-28,148,3525664.0,6,False,1,1.78
a8657a00-f7a0-4c70-ae03-da4c05687c3b,2026-06-29,96,2286917.0,0,False,3,6.221
a8657a00-f7a0-4c70-ae03-da4c05687c3b,2026-06-30,127,3025401.0,1,False,1,0.0
a8657a00-f7a0-4c70-ae03-da4c05687c3b,2026-07-01,118,2811002.0,2,False,1,5.377
a8657a00-f7a0-4c70-ae03-da4c05687c3b,2026-07-02,140,3335087.0,3,False,2,0.0
a8657a00-f7a0-4c70-ae03-da4c05687c3b,2026-07-03,155,3692418.0,4,False,3,1.919
a8657a00-f7a0-4c70-ae03-da4c05687c3b,2026-07-04,180,4287969.0,5,False,0,0.0
a8657a00-f7a0-4c70-ae03-da4c05687c3b,2026-07-05,153,3644774.0,6,False,2,0.0
a8657a00-f7a0-4c70-ae03-da4c05687c3b,2026-07-06,113,2691892.0,0,False,1,0.0
a8657a00-f7a0-4c70-ae03-da4c05687c3b,2026-07-07,124,2953935.0,1,False,0,1.045
a8657a00-f7a0-4c70-ae03-da4c05687c3b,2026-07-08,133,3168333.0,2,False,1,0.0
a8657a00-f7a0-4c70-ae03-da4c05687c3b,2026-07-09,140,3335087.0,3,False,0,0.0
a8657a00-f7a0-4c70-ae03-da4c05687c3b,2026-07-10,160,3811528.0,4,False,0,0.0
a8657a00-f7a0-4c70-ae03-da4c05687c3b,2026-07-11,176,4192681.0,5,False,1,1.32
a8657a00-f7a0-4c70-ae03-da4c05687c3b,2026-07-12,132,3144511.0,6,False,0,7.489
a8657a00-f7a0-4c70-ae03-da4c05687c3b,2026-07-13,103,2453671.0,0,False,0,3.676
a8657a00-f7a0-4c70-ae03-da4c05687c3b,2026-07-14,127,3025401.0,1,False,0,0.0
a8657a00-f7a0-4c70-ae03-da4c05687c3b,2026-07-15,133,3168333.0,2,False,2,0.0
a8657a00-f7a0-4c70-ae03-da4c05687c3b,2026-07-16,140,3335087.0,3,False,2,0.0
a8657a00-f7a0-4c70-ae03-da4c05687c3b,2026-07-17,148,3525664.0,4,False,0,4.274
a8657a00-f7a0-4c70-ae03-da4c05687c3b,2026-07-18,163,3882995.0,5,False,2,6.037
a8657a00-f7a0-4c70-ae03-da4c05687c3b,2026-07-19,138,3287443.0,6,False,1,5.318
a8657a00-f7a0-4c70-ae03-da4c05687c3b,2026-07-20,113,2691892.0,0,False,1,0.0
a8657a00-f7a0-4c70-ae03-da4c05687c3b,2026-07-21,111,2644248.0,1,False,3,5.591
a8657a00-f7a0-4c70-ae03-da4c05687c3b,2026-07-22,129,3073045.0,2,False,0,1.722
a8657a00-f7a0-4c70-ae03-da4c05687c3b,2026-07-23,122,2906290.0,3,False,3,6.499
a8657a00-f7a0-4c70-ae03-da4c05687c3b,2026-07-24,135,3215977.0,4,False,1,8.639
a8657a00-f7a0-4c70-ae03-da4c05687c3b,2026-07-25,179,4264147.0,5,False,2,0.521
a8657a00-f7a0-4c70-ae03-da4c05687c3b,2026-07-26,153,3644774.0,6,False,1,0.0
a8657a00-f7a0-4c70-ae03-da4c05687c3b,2026-07-27,113,2691892.0,0,False,2,0.0
a8657a00-f7a0-4c70-ae03-da4c05687c3b,2026-07-28,127,3025401.0,1,False,1,0.0
a8657a00-f7a0-4c70-ae03-da4c05687c3b,2026-07-29,133,3168333.0,2,False,1,0.0
a8657a00-f7a0-4c70-ae03-da4c05687c3b,2026-07-30,140,3335087.0,3,False,1,0.0
a8657a00-f7a0-4c70-ae03-da4c05687c3b,2026-07-31,160,3811528.0,4,False,0,0.0
a8657a00-f7a0-4c70-ae03-da4c05687c3b,2026-08-01,164,3906817.0,5,False,3,5.598
a8657a00-f7a0-4c70-ae03-da4c05687c3b,2026-08-02,153,3644774.0,6,False,2,0.0
a8657a00-f7a0-4c70-ae03-da4c05687c3b,2026-08-03,113,2691892.0,0,False,2,0.0
a8657a00-f7a0-4c70-ae03-da4c05687c3b,2026-08-04,127,3025401.0,1,False,0,0.0
a8657a00-f7a0-4c70-ae03-da4c05687c3b,2026-08-05,133,3168333.0,2,False,0,0.0
a8657a00-f7a0-4c70-ae03-da4c05687c3b,2026-08-06,119,2834824.0,3,False,3,7.287
a8657a00-f7a0-4c70-ae03-da4c05687c3b,2026-08-07,158,3763884.0,4,False,0,0.585
a8657a00-f7a0-4c70-ae03-da4c05687c3b,2026-08-08,169,4025927.0,5,False,3,3.731
a8657a00-f7a0-4c70-ae03-da4c05687c3b,2026-08-09,136,3239799.0,6,False,0,6.046
a8657a00-f7a0-4c70-ae03-da4c05687c3b,2026-08-10,106,2525138.0,0,False,1,2.585
a8657a00-f7a0-4c70-ae03-da4c05687c3b,2026-08-11,127,3025401.0,1,False,2,0.0
a8657a00-f7a0-4c70-ae03-da4c05687c3b,2026-08-12,127,3025401.0,2,False,0,2.373
a8657a00-f7a0-4c70-ae03-da4c05687c3b,2026-08-13,127,3025401.0,3,False,0,4.499
a8657a00-f7a0-4c70-ae03-da4c05687c3b,2026-08-14,141,3358909.0,4,False,3,6.713
a8657a00-f7a0-4c70-ae03-da4c05687c3b,2026-08-15,171,4073571.0,5,False,0,3.12
a8657a00-f7a0-4c70-ae03-da4c05687c3b,2026-08-16,153,3644774.0,6,False,2,0.0
a8657a00-f7a0-4c70-ae03-da4c05687c3b,2026-08-17,113,2691892.0,0,True,0,0.0
a8657a00-f7a0-4c70-ae03-da4c05687c3b,2026-08-18,104,2477493.0,1,False,0,7.931
a8657a00-f7a0-4c70-ae03-da4c05687c3b,2026-08-19,120,2858646.0,2,False,2,4.675
a8657a00-f7a0-4c70-ae03-da4c05687c3b,2026-08-20,133,3168333.0,3,False,0,2.568
a8657a00-f7a0-4c70-ae03-da4c05687c3b,2026-08-21,134,3192155.0,4,False,1,9.096
a8657a00-f7a0-4c70-ae03-da4c05687c3b,2026-08-22,174,4145037.0,5,False,1,2.155
a8657a00-f7a0-4c70-ae03-da4c05687c3b,2026-08-23,153,3644774.0,6,False,1,0.0
a8657a00-f7a0-4c70-ae03-da4c05687c3b,2026-08-24,107,2548960.0,0,False,1,2.09
a8657a00-f7a0-4c70-ae03-da4c05687c3b,2026-08-25,127,3025401.0,1,True,0,0.0
a8657a00-f7a0-4c70-ae03-da4c05687c3b,2026-08-26,133,3168333.0,2,False,1,0.0
a8657a00-f7a0-4c70-ae03-da4c05687c3b,2026-08-27,140,3335087.0,3,False,0,0.0
a8657a00-f7a0-4c70-ae03-da4c05687c3b,2026-08-28,160,3811528.0,4,False,1,0.0
c2eb2fe4-5966-4807-8579-b3ae972e171c,2026-05-31,53,814967.0,6,False,0,2.658
c2eb2fe4-5966-4807-8579-b3ae972e171c,2026-06-01,45,691953.0,0,True,3,0.0
c2eb2fe4-5966-4807-8579-b3ae972e171c,2026-06-02,49,753460.0,1,False,2,0.324
c2eb2fe4-5966-4807-8579-b3ae972e171c,2026-06-03,46,707330.0,2,False,1,2.497
c2eb2fe4-5966-4807-8579-b3ae972e171c,2026-06-04,44,676576.0,3,False,1,3.957
c2eb2fe4-5966-4807-8579-b3ae972e171c,2026-06-05,53,814967.0,4,False,3,3.61
c2eb2fe4-5966-4807-8579-b3ae972e171c,2026-06-06,59,907227.0,5,False,0,4.474
c2eb2fe4-5966-4807-8579-b3ae972e171c,2026-06-07,59,907227.0,6,False,1,0.804
c2eb2fe4-5966-4807-8579-b3ae972e171c,2026-06-08,39,599693.0,0,False,1,2.295
c2eb2fe4-5966-4807-8579-b3ae972e171c,2026-06-09,50,768837.0,1,False,0,0.189
c2eb2fe4-5966-4807-8579-b3ae972e171c,2026-06-10,53,814967.0,2,False,2,0.0
c2eb2fe4-5966-4807-8579-b3ae972e171c,2026-06-11,49,753460.0,3,False,0,2.419
c2eb2fe4-5966-4807-8579-b3ae972e171c,2026-06-12,58,891851.0,4,False,1,2.126
c2eb2fe4-5966-4807-8579-b3ae972e171c,2026-06-13,61,937981.0,5,False,1,3.851
c2eb2fe4-5966-4807-8579-b3ae972e171c,2026-06-14,48,738083.0,6,False,1,4.476
c2eb2fe4-5966-4807-8579-b3ae972e171c,2026-06-15,37,568939.0,0,False,0,2.706
c2eb2fe4-5966-4807-8579-b3ae972e171c,2026-06-16,50,768837.0,1,True,3,0.195
c2eb2fe4-5966-4807-8579-b3ae972e171c,2026-06-17,52,799590.0,2,False,0,0.479
c2eb2fe4-5966-4807-8579-b3ae972e171c,2026-06-18,41,630446.0,3,False,3,5.014
c2eb2fe4-5966-4807-8579-b3ae972e171c,2026-06-19,54,830344.0,4,False,0,3.239
c2eb2fe4-5966-4807-8579-b3ae972e171c,2026-06-20,60,922604.0,5,False,1,3.933
c2eb2fe4-5966-4807-8579-b3ae972e171c,2026-06-21,51,784214.0,6,False,0,3.41
c2eb2fe4-5966-4807-8579-b3ae972e171c,2026-06-22,40,615069.0,0,False,0,1.612
c2eb2fe4-5966-4807-8579-b3ae972e171c,2026-06-23,42,645823.0,1,False,2,3.003
c2eb2fe4-5966-4807-8579-b3ae972e171c,2026-06-24,46,707330.0,2,False,0,2.333
c2eb2fe4-5966-4807-8579-b3ae972e171c,2026-06-25,56,861097.0,3,False,1,0.0
c2eb2fe4-5966-4807-8579-b3ae972e171c,2026-06-26,58,891851.0,4,False,1,1.881
c2eb2fe4-5966-4807-8579-b3ae972e171c,2026-06-27,65,999488.0,5,False,2,2.319
c2eb2fe4-5966-4807-8579-b3ae972e171c,2026-06-28,61,937981.0,6,False,2,0.0
c2eb2fe4-5966-4807-8579-b3ae972e171c,2026-06-29,45,691953.0,0,False,1,0.102
c2eb2fe4-5966-4807-8579-b3ae972e171c,2026-06-30,46,707330.0,1,False,0,1.536
c2eb2fe4-5966-4807-8579-b3ae972e171c,2026-07-01,46,707330.0,2,False,1,2.54
c2eb2fe4-5966-4807-8579-b3ae972e171c,2026-07-02,45,691953.0,3,False,0,3.695
c2eb2fe4-5966-4807-8579-b3ae972e171c,2026-07-03,57,876474.0,4,False,1,2.445
c2eb2fe4-5966-4807-8579-b3ae972e171c,2026-07-04,65,999488.0,5,False,0,2.401
c2eb2fe4-5966-4807-8579-b3ae972e171c,2026-07-05,60,922604.0,6,False,0,0.527
c2eb2fe4-5966-4807-8579-b3ae972e171c,2026-07-06,39,599693.0,0,False,1,2.198
c2eb2fe4-5966-4807-8579-b3ae972e171c,2026-07-07,41,630446.0,1,False,3,3.402
c2eb2fe4-5966-4807-8579-b3ae972e171c,2026-07-08,46,707330.0,2,False,0,2.294
c2eb2fe4-5966-4807-8579-b3ae972e171c,2026-07-09,37,568939.0,3,False,3,6.657
c2eb2fe4-5966-4807-8579-b3ae972e171c,2026-07-10,54,830344.0,4,False,0,3.396
c2eb2fe4-5966-4807-8579-b3ae972e171c,2026-07-11,68,1045618.0,5,False,2,1.152
c2eb2fe4-5966-4807-8579-b3ae972e171c,2026-07-12,53,814967.0,6,False,0,2.843
c2eb2fe4-5966-4807-8579-b3ae972e171c,2026-07-13,38,584316.0,0,False,2,2.349
c2eb2fe4-5966-4807-8579-b3ae972e171c,2026-07-14,44,676576.0,1,False,0,2.286
c2eb2fe4-5966-4807-8579-b3ae972e171c,2026-07-15,52,799590.0,2,False,1,0.287
c2eb2fe4-5966-4807-8579-b3ae972e171c,2026-07-16,51,784214.0,3,False,2,1.65
c2eb2fe4-5966-4807-8579-b3ae972e171c,2026-07-17,57,876474.0,4,False,1,2.358
c2eb2fe4-5966-4807-8579-b3ae972e171c,2026-07-18,72,1107125.0,5,False,1,0.023
c2eb2fe4-5966-4807-8579-b3ae972e171c,2026-07-19,55,845720.0,6,False,2,2.277
c2eb2fe4-5966-4807-8579-b3ae972e171c,2026-07-20,36,553562.0,0,False,2,3.133
c2eb2fe4-5966-4807-8579-b3ae972e171c,2026-07-21,41,630446.0,1,False,0,3.171
c2eb2fe4-5966-4807-8579-b3ae972e171c,2026-07-22,45,691953.0,2,False,1,2.889
c2eb2fe4-5966-4807-8579-b3ae972e171c,2026-07-23,48,738083.0,3,False,0,2.762
c2eb2fe4-5966-4807-8579-b3ae972e171c,2026-07-24,43,661200.0,4,False,3,7.16
c2eb2fe4-5966-4807-8579-b3ae972e171c,2026-07-25,72,1107125.0,5,False,2,0.0
c2eb2fe4-5966-4807-8579-b3ae972e171c,2026-07-26,61,937981.0,6,False,1,0.086
c2eb2fe4-5966-4807-8579-b3ae972e171c,2026-07-27,41,630446.0,0,False,2,1.313
c2eb2fe4-5966-4807-8579-b3ae972e171c,2026-07-28,46,707330.0,1,False,0,1.433
c2eb2fe4-5966-4807-8579-b3ae972e171c,2026-07-29,53,814967.0,2,False,1,0.022
c2eb2fe4-5966-4807-8579-b3ae972e171c,2026-07-30,55,845720.0,3,False,0,0.225
c2eb2fe4-5966-4807-8579-b3ae972e171c,2026-07-31,60,922604.0,4,False,1,1.276
c2eb2fe4-5966-4807-8579-b3ae972e171c,2026-08-01,72,1107125.0,5,False,1,0.0
c2eb2fe4-5966-4807-8579-b3ae972e171c,2026-08-02,57,876474.0,6,False,0,1.354
c2eb2fe4-5966-4807-8579-b3ae972e171c,2026-08-03,45,691953.0,0,False,1,0.0
c2eb2fe4-5966-4807-8579-b3ae972e171c,2026-08-04,50,768837.0,1,False,1,0.0
c2eb2fe4-5966-4807-8579-b3ae972e171c,2026-08-05,49,753460.0,2,False,2,1.482
c2eb2fe4-5966-4807-8579-b3ae972e171c,2026-08-06,43,661200.0,3,False,1,4.319
c2eb2fe4-5966-4807-8579-b3ae972e171c,2026-08-07,47,722707.0,4,False,3,5.98
c2eb2fe4-5966-4807-8579-b3ae972e171c,2026-08-08,66,1014865.0,5,False,1,2.045
c2eb2fe4-5966-4807-8579-b3ae972e171c,2026-08-09,47,722707.0,6,False,3,4.947
c2eb2fe4-5966-4807-8579-b3ae972e171c,2026-08-10,41,630446.0,0,False,0,1.318
c2eb2fe4-5966-4807-8579-b3ae972e171c,2026-08-11,47,722707.0,1,False,0,1.021
c2eb2fe4-5966-4807-8579-b3ae972e171c,2026-08-12,48,738083.0,2,False,1,1.867
c2eb2fe4-5966-4807-8579-b3ae972e171c,2026-08-13,40,615069.0,3,False,0,5.444
c2eb2fe4-5966-4807-8579-b3ae972e171c,2026-08-14,47,722707.0,4,False,1,5.936
c2eb2fe4-5966-4807-8579-b3ae972e171c,2026-08-15,63,968734.0,5,False,2,2.891
c2eb2fe4-5966-4807-8579-b3ae972e171c,2026-08-16,49,753460.0,6,False,0,4.366
c2eb2fe4-5966-4807-8579-b3ae972e171c,2026-08-17,45,691953.0,0,True,0,0.193
c2eb2fe4-5966-4807-8579-b3ae972e171c,2026-08-18,47,722707.0,1,False,1,1.315
c2eb2fe4-5966-4807-8579-b3ae972e171c,2026-08-19,45,691953.0,2,False,2,2.967
c2eb2fe4-5966-4807-8579-b3ae972e171c,2026-08-20,49,753460.0,3,False,0,2.353
c2eb2fe4-5966-4807-8579-b3ae972e171c,2026-08-21,55,845720.0,4,False,0,3.037
c2eb2fe4-5966-4807-8579-b3ae972e171c,2026-08-22,57,876474.0,5,False,0,5.085
c2eb2fe4-5966-4807-8579-b3ae972e171c,2026-08-23,51,784214.0,6,False,0,3.547
c2eb2fe4-5966-4807-8579-b3ae972e171c,2026-08-24,44,676576.0,0,False,1,0.347
c2eb2fe4-5966-4807-8579-b3ae972e171c,2026-08-25,50,768837.0,1,True,3,0.0
c2eb2fe4-5966-4807-8579-b3ae972e171c,2026-08-26,53,814967.0,2,False,0,0.0
c2eb2fe4-5966-4807-8579-b3ae972e171c,2026-08-27,54,830344.0,3,False,1,0.43
c2eb2fe4-5966-4807-8579-b3ae972e171c,2026-08-28,54,830344.0,4,False,3,3.543
c4f68991-e71e-4c56-b01b-1641506b4ce2,2026-05-31,99,2123914.0,6,False,0,1.289
c4f68991-e71e-4c56-b01b-1641506b4ce2,2026-06-01,78,1673387.0,0,True,0,0.0
c4f68991-e71e-4c56-b01b-1641506b4ce2,2026-06-02,87,1866470.0,1,False,1,0.0
c4f68991-e71e-4c56-b01b-1641506b4ce2,2026-06-03,81,1737748.0,2,False,2,2.134
c4f68991-e71e-4c56-b01b-1641506b4ce2,2026-06-04,87,1866470.0,3,False,3,1.883
c4f68991-e71e-4c56-b01b-1641506b4ce2,2026-06-05,99,2123914.0,4,False,0,2.141
c4f68991-e71e-4c56-b01b-1641506b4ce2,2026-06-06,112,2402812.0,5,False,0,2.325
c4f68991-e71e-4c56-b01b-1641506b4ce2,2026-06-07,93,1995192.0,6,False,0,2.487
c4f68991-e71e-4c56-b01b-1641506b4ce2,2026-06-08,71,1523211.0,0,False,2,1.273
c4f68991-e71e-4c56-b01b-1641506b4ce2,2026-06-09,75,1609026.0,1,False,2,2.366
c4f68991-e71e-4c56-b01b-1641506b4ce2,2026-06-10,68,1458850.0,2,False,0,4.659
c4f68991-e71e-4c56-b01b-1641506b4ce2,2026-06-11,89,1909377.0,3,False,0,1.464
c4f68991-e71e-4c56-b01b-1641506b4ce2,2026-06-12,83,1780655.0,4,False,0,5.393
c4f68991-e71e-4c56-b01b-1641506b4ce2,2026-06-13,96,2059553.0,5,False,0,5.455
c4f68991-e71e-4c56-b01b-1641506b4ce2,2026-06-14,74,1587572.0,6,False,3,6.295
c4f68991-e71e-4c56-b01b-1641506b4ce2,2026-06-15,61,1308674.0,0,False,0,3.396
c4f68991-e71e-4c56-b01b-1641506b4ce2,2026-06-16,83,1780655.0,1,True,0,0.827
c4f68991-e71e-4c56-b01b-1641506b4ce2,2026-06-17,80,1716294.0,2,False,0,2.328
c4f68991-e71e-4c56-b01b-1641506b4ce2,2026-06-18,93,1995192.0,3,False,2,0.617
c4f68991-e71e-4c56-b01b-1641506b4ce2,2026-06-19,106,2274090.0,4,False,2,0.798
c4f68991-e71e-4c56-b01b-1641506b4ce2,2026-06-20,109,2338451.0,5,False,2,2.839
c4f68991-e71e-4c56-b01b-1641506b4ce2,2026-06-21,82,1759201.0,6,False,0,4.62
c4f68991-e71e-4c56-b01b-1641506b4ce2,2026-06-22,58,1244313.0,0,False,1,3.971
c4f68991-e71e-4c56-b01b-1641506b4ce2,2026-06-23,70,1501757.0,1,False,2,3.392
c4f68991-e71e-4c56-b01b-1641506b4ce2,2026-06-24,71,1523211.0,2,False,0,4.171
c4f68991-e71e-4c56-b01b-1641506b4ce2,2026-06-25,88,1887923.0,3,False,1,1.724
c4f68991-e71e-4c56-b01b-1641506b4ce2,2026-06-26,110,2359904.0,4,False,1,0.0
c4f68991-e71e-4c56-b01b-1641506b4ce2,2026-06-27,119,2552987.0,5,False,0,1.013
c4f68991-e71e-4c56-b01b-1641506b4ce2,2026-06-28,105,2252636.0,6,False,1,0.0
c4f68991-e71e-4c56-b01b-1641506b4ce2,2026-06-29,78,1673387.0,0,False,1,0.0
c4f68991-e71e-4c56-b01b-1641506b4ce2,2026-06-30,77,1651933.0,1,False,1,1.966
c4f68991-e71e-4c56-b01b-1641506b4ce2,2026-07-01,86,1845016.0,2,False,0,1.175
c4f68991-e71e-4c56-b01b-1641506b4ce2,2026-07-02,81,1737748.0,3,False,2,3.062
c4f68991-e71e-4c56-b01b-1641506b4ce2,2026-07-03,108,2316997.0,4,False,1,0.435
c4f68991-e71e-4c56-b01b-1641506b4ce2,2026-07-04,118,2531534.0,5,False,1,1.215
c4f68991-e71e-4c56-b01b-1641506b4ce2,2026-07-05,90,1930831.0,6,False,1,2.959
c4f68991-e71e-4c56-b01b-1641506b4ce2,2026-07-06,64,1373035.0,0,False,0,2.828
c4f68991-e71e-4c56-b01b-1641506b4ce2,2026-07-07,68,1458850.0,1,False,0,3.721
c4f68991-e71e-4c56-b01b-1641506b4ce2,2026-07-08,80,1716294.0,2,False,0,2.262
c4f68991-e71e-4c56-b01b-1641506b4ce2,2026-07-09,71,1523211.0,3,False,2,5.105
c4f68991-e71e-4c56-b01b-1641506b4ce2,2026-07-10,94,2016645.0,4,False,1,3.231
c4f68991-e71e-4c56-b01b-1641506b4ce2,2026-07-11,116,2488626.0,5,False,1,1.484
c4f68991-e71e-4c56-b01b-1641506b4ce2,2026-07-12,94,2016645.0,6,False,0,2.341
c4f68991-e71e-4c56-b01b-1641506b4ce2,2026-07-13,56,1201406.0,0,False,3,4.287
c4f68991-e71e-4c56-b01b-1641506b4ce2,2026-07-14,85,1823562.0,1,False,0,0.427
c4f68991-e71e-4c56-b01b-1641506b4ce2,2026-07-15,68,1458850.0,2,False,0,4.682
c4f68991-e71e-4c56-b01b-1641506b4ce2,2026-07-16,70,1501757.0,3,False,3,5.161
c4f68991-e71e-4c56-b01b-1641506b4ce2,2026-07-17,87,1866470.0,4,False,0,4.487
c4f68991-e71e-4c56-b01b-1641506b4ce2,2026-07-18,100,2145368.0,5,False,0,4.677
c4f68991-e71e-4c56-b01b-1641506b4ce2,2026-07-19,72,1544665.0,6,False,1,6.608
c4f68991-e71e-4c56-b01b-1641506b4ce2,2026-07-20,51,1094137.0,0,False,3,5.364
c4f68991-e71e-4c56-b01b-1641506b4ce2,2026-07-21,68,1458850.0,1,False,0,3.795
c4f68991-e71e-4c56-b01b-1641506b4ce2,2026-07-22,84,1802109.0,2,False,1,1.474
c4f68991-e71e-4c56-b01b-1641506b4ce2,2026-07-23,93,1995192.0,3,False,1,0.666
c4f68991-e71e-4c56-b01b-1641506b4ce2,2026-07-24,86,1845016.0,4,False,0,4.783
c4f68991-e71e-4c56-b01b-1641506b4ce2,2026-07-25,103,2209729.0,5,False,3,4.148
c4f68991-e71e-4c56-b01b-1641506b4ce2,2026-07-26,86,1845016.0,6,False,0,3.9
c4f68991-e71e-4c56-b01b-1641506b4ce2,2026-07-27,68,1458850.0,0,False,1,2.041
c4f68991-e71e-4c56-b01b-1641506b4ce2,2026-07-28,85,1823562.0,1,False,2,0.397
c4f68991-e71e-4c56-b01b-1641506b4ce2,2026-07-29,88,1887923.0,2,False,0,0.778
c4f68991-e71e-4c56-b01b-1641506b4ce2,2026-07-30,82,1759201.0,3,False,1,2.868
c4f68991-e71e-4c56-b01b-1641506b4ce2,2026-07-31,100,2145368.0,4,False,0,2.016
c4f68991-e71e-4c56-b01b-1641506b4ce2,2026-08-01,118,2531534.0,5,False,0,1.142
c4f68991-e71e-4c56-b01b-1641506b4ce2,2026-08-02,105,2252636.0,6,False,1,0.0
c4f68991-e71e-4c56-b01b-1641506b4ce2,2026-08-03,61,1308674.0,0,False,2,3.328
c4f68991-e71e-4c56-b01b-1641506b4ce2,2026-08-04,63,1351582.0,1,False,3,4.749
c4f68991-e71e-4c56-b01b-1641506b4ce2,2026-08-05,79,1694840.0,2,False,1,2.59
c4f68991-e71e-4c56-b01b-1641506b4ce2,2026-08-06,81,1737748.0,3,False,0,3.026
c4f68991-e71e-4c56-b01b-1641506b4ce2,2026-08-07,89,1909377.0,4,False,0,4.201
c4f68991-e71e-4c56-b01b-1641506b4ce2,2026-08-08,86,1845016.0,5,False,3,7.592
c4f68991-e71e-4c56-b01b-1641506b4ce2,2026-08-09,79,1694840.0,6,False,0,5.273
c4f68991-e71e-4c56-b01b-1641506b4ce2,2026-08-10,60,1287221.0,0,False,1,3.484
c4f68991-e71e-4c56-b01b-1641506b4ce2,2026-08-11,63,1351582.0,1,False,3,4.883
c4f68991-e71e-4c56-b01b-1641506b4ce2,2026-08-12,73,1566118.0,2,False,0,3.658
c4f68991-e71e-4c56-b01b-1641506b4ce2,2026-08-13,81,1737748.0,3,False,2,3.036
c4f68991-e71e-4c56-b01b-1641506b4ce2,2026-08-14,93,1995192.0,4,False,0,3.409
c4f68991-e71e-4c56-b01b-1641506b4ce2,2026-08-15,78,1673387.0,5,False,3,9.119
c4f68991-e71e-4c56-b01b-1641506b4ce2,2026-08-16,70,1501757.0,6,False,0,7.133
c4f68991-e71e-4c56-b01b-1641506b4ce2,2026-08-17,78,1673387.0,0,True,1,0.0
c4f68991-e71e-4c56-b01b-1641506b4ce2,2026-08-18,60,1287221.0,1,False,0,5.349
c4f68991-e71e-4c56-b01b-1641506b4ce2,2026-08-19,77,1651933.0,2,False,1,2.869
c4f68991-e71e-4c56-b01b-1641506b4ce2,2026-08-20,73,1566118.0,3,False,3,4.609
c4f68991-e71e-4c56-b01b-1641506b4ce2,2026-08-21,92,1973738.0,4,False,1,3.503
c4f68991-e71e-4c56-b01b-1641506b4ce2,2026-08-22,89,1909377.0,5,False,3,6.84
c4f68991-e71e-4c56-b01b-1641506b4ce2,2026-08-23,97,2081007.0,6,False,2,1.695
c4f68991-e71e-4c56-b01b-1641506b4ce2,2026-08-24,69,1480304.0,0,False,0,1.666
c4f68991-e71e-4c56-b01b-1641506b4ce2,2026-08-25,84,1802109.0,1,True,3,0.54
c4f68991-e71e-4c56-b01b-1641506b4ce2,2026-08-26,92,1973738.0,2,False,0,0.0
c4f68991-e71e-4c56-b01b-1641506b4ce2,2026-08-27,96,2059553.0,3,False,0,0.045
c4f68991-e71e-4c56-b01b-1641506b4ce2,2026-08-28,104,2231182.0,4,False,2,1.179
c7ee61aa-5471-403c-8a19-78c5a8c737a3,2026-05-31,71,1070469.0,6,False,1,0.195
c7ee61aa-5471-403c-8a19-78c5a8c737a3,2026-06-01,53,799082.0,0,True,1,0.0
c7ee61aa-5471-403c-8a19-78c5a8c737a3,2026-06-02,54,814160.0,1,False,0,1.961
c7ee61aa-5471-403c-8a19-78c5a8c737a3,2026-06-03,62,934776.0,2,False,1,0.0
c7ee61aa-5471-403c-8a19-78c5a8c737a3,2026-06-04,61,919699.0,3,False,0,1.526
c7ee61aa-5471-403c-8a19-78c5a8c737a3,2026-06-05,71,1070469.0,4,False,0,1.362
c7ee61aa-5471-403c-8a19-78c5a8c737a3,2026-06-06,70,1055392.0,5,False,1,4.984
c7ee61aa-5471-403c-8a19-78c5a8c737a3,2026-06-07,61,919699.0,6,False,1,3.721
c7ee61aa-5471-403c-8a19-78c5a8c737a3,2026-06-08,53,799082.0,0,False,0,0.0
c7ee61aa-5471-403c-8a19-78c5a8c737a3,2026-06-09,42,633235.0,1,False,3,5.962
c7ee61aa-5471-403c-8a19-78c5a8c737a3,2026-06-10,55,829237.0,2,False,1,2.395
c7ee61aa-5471-403c-8a19-78c5a8c737a3,2026-06-11,54,814160.0,3,False,2,4.064
c7ee61aa-5471-403c-8a19-78c5a8c737a3,2026-06-12,61,919699.0,4,False,0,4.959
c7ee61aa-5471-403c-8a19-78c5a8c737a3,2026-06-13,71,1070469.0,5,False,0,4.513
c7ee61aa-5471-403c-8a19-78c5a8c737a3,2026-06-14,64,964930.0,6,False,2,2.793
c7ee61aa-5471-403c-8a19-78c5a8c737a3,2026-06-15,44,663389.0,0,False,3,3.055
c7ee61aa-5471-403c-8a19-78c5a8c737a3,2026-06-16,59,889545.0,1,True,0,0.235
c7ee61aa-5471-403c-8a19-78c5a8c737a3,2026-06-17,57,859391.0,2,False,1,1.744
c7ee61aa-5471-403c-8a19-78c5a8c737a3,2026-06-18,54,814160.0,3,False,0,3.988
c7ee61aa-5471-403c-8a19-78c5a8c737a3,2026-06-19,59,889545.0,4,False,3,5.403
c7ee61aa-5471-403c-8a19-78c5a8c737a3,2026-06-20,73,1100623.0,5,False,2,3.983
c7ee61aa-5471-403c-8a19-78c5a8c737a3,2026-06-21,70,1055392.0,6,False,0,0.621
c7ee61aa-5471-403c-8a19-78c5a8c737a3,2026-06-22,48,723697.0,0,False,2,1.615
c7ee61aa-5471-403c-8a19-78c5a8c737a3,2026-06-23,51,768928.0,1,False,0,2.754
c7ee61aa-5471-403c-8a19-78c5a8c737a3,2026-06-24,55,829237.0,2,False,0,2.58
c7ee61aa-5471-403c-8a19-78c5a8c737a3,2026-06-25,58,874468.0,3,False,1,2.666
c7ee61aa-5471-403c-8a19-78c5a8c737a3,2026-06-26,60,904622.0,4,False,0,5.132
c7ee61aa-5471-403c-8a19-78c5a8c737a3,2026-06-27,84,1266470.0,5,False,1,0.0
c7ee61aa-5471-403c-8a19-78c5a8c737a3,2026-06-28,72,1085546.0,6,False,1,0.0
c7ee61aa-5471-403c-8a19-78c5a8c737a3,2026-06-29,45,678466.0,0,False,0,2.686
c7ee61aa-5471-403c-8a19-78c5a8c737a3,2026-06-30,59,889545.0,1,False,1,0.0
c7ee61aa-5471-403c-8a19-78c5a8c737a3,2026-07-01,48,723697.0,2,False,0,5.162
c7ee61aa-5471-403c-8a19-78c5a8c737a3,2026-07-02,57,859391.0,3,False,2,3.042
c7ee61aa-5471-403c-8a19-78c5a8c737a3,2026-07-03,66,995084.0,4,False,0,3.19
c7ee61aa-5471-403c-8a19-78c5a8c737a3,2026-07-04,71,1070469.0,5,False,1,4.632
c7ee61aa-5471-403c-8a19-78c5a8c737a3,2026-07-05,72,1085546.0,6,False,0,0.0
c7ee61aa-5471-403c-8a19-78c5a8c737a3,2026-07-06,42,633235.0,0,False,0,3.761
c7ee61aa-5471-403c-8a19-78c5a8c737a3,2026-07-07,51,768928.0,1,False,0,2.931
c7ee61aa-5471-403c-8a19-78c5a8c737a3,2026-07-08,49,738774.0,2,False,0,4.798
c7ee61aa-5471-403c-8a19-78c5a8c737a3,2026-07-09,56,844314.0,3,False,1,3.439
c7ee61aa-5471-403c-8a19-78c5a8c737a3,2026-07-10,72,1085546.0,4,False,1,0.988
c7ee61aa-5471-403c-8a19-78c5a8c737a3,2026-07-11,72,1085546.0,5,False,0,4.304
c7ee61aa-5471-403c-8a19-78c5a8c737a3,2026-07-12,59,889545.0,6,False,2,4.388
c7ee61aa-5471-403c-8a19-78c5a8c737a3,2026-07-13,46,693543.0,0,False,0,2.598
c7ee61aa-5471-403c-8a19-78c5a8c737a3,2026-07-14,53,799082.0,1,False,0,2.248
c7ee61aa-5471-403c-8a19-78c5a8c737a3,2026-07-15,55,829237.0,2,False,1,2.494
c7ee61aa-5471-403c-8a19-78c5a8c737a3,2026-07-16,56,844314.0,3,False,2,3.227
c7ee61aa-5471-403c-8a19-78c5a8c737a3,2026-07-17,57,859391.0,4,False,1,6.273
c7ee61aa-5471-403c-8a19-78c5a8c737a3,2026-07-18,82,1236316.0,5,False,2,0.817
c7ee61aa-5471-403c-8a19-78c5a8c737a3,2026-07-19,59,889545.0,6,False,1,4.29
c7ee61aa-5471-403c-8a19-78c5a8c737a3,2026-07-20,53,799082.0,0,False,0,0.023
c7ee61aa-5471-403c-8a19-78c5a8c737a3,2026-07-21,48,723697.0,1,False,0,3.927
c7ee61aa-5471-403c-8a19-78c5a8c737a3,2026-07-22,62,934776.0,2,False,1,0.048
c7ee61aa-5471-403c-8a19-78c5a8c737a3,2026-07-23,58,874468.0,3,False,1,2.627
c7ee61aa-5471-403c-8a19-78c5a8c737a3,2026-07-24,57,859391.0,4,False,0,6.352
c7ee61aa-5471-403c-8a19-78c5a8c737a3,2026-07-25,79,1191085.0,5,False,1,1.764
c7ee61aa-5471-403c-8a19-78c5a8c737a3,2026-07-26,72,1085546.0,6,False,2,0.0
c7ee61aa-5471-403c-8a19-78c5a8c737a3,2026-07-27,53,799082.0,0,False,0,0.0
c7ee61aa-5471-403c-8a19-78c5a8c737a3,2026-07-28,52,784005.0,1,False,3,2.351
c7ee61aa-5471-403c-8a19-78c5a8c737a3,2026-07-29,59,889545.0,2,False,1,1.184
c7ee61aa-5471-403c-8a19-78c5a8c737a3,2026-07-30,51,768928.0,3,False,3,5.129
c7ee61aa-5471-403c-8a19-78c5a8c737a3,2026-07-31,66,995084.0,4,False,1,3.199
c7ee61aa-5471-403c-8a19-78c5a8c737a3,2026-08-01,80,1206162.0,5,False,1,1.535
c7ee61aa-5471-403c-8a19-78c5a8c737a3,2026-08-02,72,1085546.0,6,False,2,0.0
c7ee61aa-5471-403c-8a19-78c5a8c737a3,2026-08-03,53,799082.0,0,False,1,0.0
c7ee61aa-5471-403c-8a19-78c5a8c737a3,2026-08-04,59,889545.0,1,False,1,0.0
c7ee61aa-5471-403c-8a19-78c5a8c737a3,2026-08-05,55,829237.0,2,False,1,2.426
c7ee61aa-5471-403c-8a19-78c5a8c737a3,2026-08-06,54,814160.0,3,False,1,3.992
c7ee61aa-5471-403c-8a19-78c5a8c737a3,2026-08-07,64,964930.0,4,False,1,3.769
c7ee61aa-5471-403c-8a19-78c5a8c737a3,2026-08-08,71,1070469.0,5,False,1,4.484
c7ee61aa-5471-403c-8a19-78c5a8c737a3,2026-08-09,62,934776.0,6,False,1,3.472
c7ee61aa-5471-403c-8a19-78c5a8c737a3,2026-08-10,53,799082.0,0,False,0,0.136
c7ee61aa-5471-403c-8a19-78c5a8c737a3,2026-08-11,47,708620.0,1,False,0,4.425
c7ee61aa-5471-403c-8a19-78c5a8c737a3,2026-08-12,59,889545.0,2,False,2,1.074
c7ee61aa-5471-403c-8a19-78c5a8c737a3,2026-08-13,54,814160.0,3,False,0,4.112
c7ee61aa-5471-403c-8a19-78c5a8c737a3,2026-08-14,62,934776.0,4,False,0,4.579
c7ee61aa-5471-403c-8a19-78c5a8c737a3,2026-08-15,70,1055392.0,5,False,0,4.783
c7ee61aa-5471-403c-8a19-78c5a8c737a3,2026-08-16,61,919699.0,6,False,2,3.753
c7ee61aa-5471-403c-8a19-78c5a8c737a3,2026-08-17,53,799082.0,0,True,0,0.0
c7ee61aa-5471-403c-8a19-78c5a8c737a3,2026-08-18,44,663389.0,1,False,0,5.288
c7ee61aa-5471-403c-8a19-78c5a8c737a3,2026-08-19,44,663389.0,2,False,3,6.556
c7ee61aa-5471-403c-8a19-78c5a8c737a3,2026-08-20,58,874468.0,3,False,2,2.512
c7ee61aa-5471-403c-8a19-78c5a8c737a3,2026-08-21,65,980007.0,4,False,1,3.408
c7ee61aa-5471-403c-8a19-78c5a8c737a3,2026-08-22,84,1266470.0,5,False,1,0.131
c7ee61aa-5471-403c-8a19-78c5a8c737a3,2026-08-23,51,768928.0,6,False,0,7.392
c7ee61aa-5471-403c-8a19-78c5a8c737a3,2026-08-24,44,663389.0,0,False,2,3.034
c7ee61aa-5471-403c-8a19-78c5a8c737a3,2026-08-25,59,889545.0,1,True,0,0.0
c7ee61aa-5471-403c-8a19-78c5a8c737a3,2026-08-26,62,934776.0,2,False,0,0.0
c7ee61aa-5471-403c-8a19-78c5a8c737a3,2026-08-27,61,919699.0,3,False,0,1.524
c7ee61aa-5471-403c-8a19-78c5a8c737a3,2026-08-28,69,1040315.0,4,False,1,1.855
d57be047-c5c4-4ed7-948c-a63b05b7ac49,2026-05-31,153,3209946.0,6,False,1,0.0
d57be047-c5c4-4ed7-948c-a63b05b7ac49,2026-06-01,113,2370744.0,0,True,0,0.0
d57be047-c5c4-4ed7-948c-a63b05b7ac49,2026-06-02,97,2035064.0,1,False,3,5.951
d57be047-c5c4-4ed7-948c-a63b05b7ac49,2026-06-03,133,2790345.0,2,False,0,0.0
d57be047-c5c4-4ed7-948c-a63b05b7ac49,2026-06-04,135,2832305.0,3,False,1,1.046
d57be047-c5c4-4ed7-948c-a63b05b7ac49,2026-06-05,160,3356806.0,4,False,0,0.0
d57be047-c5c4-4ed7-948c-a63b05b7ac49,2026-06-06,140,2937205.0,5,False,1,8.058
d57be047-c5c4-4ed7-948c-a63b05b7ac49,2026-06-07,135,2832305.0,6,False,2,3.666
d57be047-c5c4-4ed7-948c-a63b05b7ac49,2026-06-08,105,2202904.0,0,False,0,1.642
d57be047-c5c4-4ed7-948c-a63b05b7ac49,2026-06-09,105,2202904.0,1,False,1,4.332
d57be047-c5c4-4ed7-948c-a63b05b7ac49,2026-06-10,133,2790345.0,2,False,0,0.042
d57be047-c5c4-4ed7-948c-a63b05b7ac49,2026-06-11,126,2643485.0,3,False,2,2.838
d57be047-c5c4-4ed7-948c-a63b05b7ac49,2026-06-12,160,3356806.0,4,False,1,0.0
d57be047-c5c4-4ed7-948c-a63b05b7ac49,2026-06-13,173,3629546.0,5,False,0,1.392
d57be047-c5c4-4ed7-948c-a63b05b7ac49,2026-06-14,149,3126025.0,6,False,0,0.896
d57be047-c5c4-4ed7-948c-a63b05b7ac49,2026-06-15,91,1909183.0,0,False,3,4.445
d57be047-c5c4-4ed7-948c-a63b05b7ac49,2026-06-16,127,2664465.0,1,True,2,0.0
d57be047-c5c4-4ed7-948c-a63b05b7ac49,2026-06-17,133,2790345.0,2,False,0,0.0
d57be047-c5c4-4ed7-948c-a63b05b7ac49,2026-06-18,115,2412704.0,3,False,0,4.96
d57be047-c5c4-4ed7-948c-a63b05b7ac49,2026-06-19,139,2916225.0,4,False,0,4.191
d57be047-c5c4-4ed7-948c-a63b05b7ac49,2026-06-20,175,3671506.0,5,False,0,0.997
d57be047-c5c4-4ed7-948c-a63b05b7ac49,2026-06-21,129,2706425.0,6,False,3,4.876
d57be047-c5c4-4ed7-948c-a63b05b7ac49,2026-06-22,83,1741343.0,0,False,3,6.024
d57be047-c5c4-4ed7-948c-a63b05b7ac49,2026-06-23,116,2433684.0,1,False,1,2.176
d57be047-c5c4-4ed7-948c-a63b05b7ac49,2026-06-24,92,1930163.0,2,False,3,8.284
d57be047-c5c4-4ed7-948c-a63b05b7ac49,2026-06-25,140,2937205.0,3,False,2,0.0
d57be047-c5c4-4ed7-948c-a63b05b7ac49,2026-06-26,145,3042105.0,4,False,0,2.909
d57be047-c5c4-4ed7-948c-a63b05b7ac49,2026-06-27,180,3776407.0,5,False,0,0.0
d57be047-c5c4-4ed7-948c-a63b05b7ac49,2026-06-28,153,3209946.0,6,False,0,0.0
d57be047-c5c4-4ed7-948c-a63b05b7ac49,2026-06-29,102,2139964.0,0,False,2,2.179
d57be047-c5c4-4ed7-948c-a63b05b7ac49,2026-06-30,127,2664465.0,1,False,1,0.0
d57be047-c5c4-4ed7-948c-a63b05b7ac49,2026-07-01,133,2790345.0,2,False,0,0.0
d57be047-c5c4-4ed7-948c-a63b05b7ac49,2026-07-02,117,2454664.0,3,False,3,4.643
d57be047-c5c4-4ed7-948c-a63b05b7ac49,2026-07-03,160,3356806.0,4,False,0,0.0
d57be047-c5c4-4ed7-948c-a63b05b7ac49,2026-07-04,150,3147005.0,5,False,0,5.888
d57be047-c5c4-4ed7-948c-a63b05b7ac49,2026-07-05,153,3209946.0,6,False,1,0.0
d57be047-c5c4-4ed7-948c-a63b05b7ac49,2026-07-06,112,2349764.0,0,False,2,0.3
d57be047-c5c4-4ed7-948c-a63b05b7ac49,2026-07-07,127,2664465.0,1,False,0,0.0
d57be047-c5c4-4ed7-948c-a63b05b7ac49,2026-07-08,116,2433684.0,2,False,1,3.504
d57be047-c5c4-4ed7-948c-a63b05b7ac49,2026-07-09,129,2706425.0,3,False,2,2.219
d57be047-c5c4-4ed7-948c-a63b05b7ac49,2026-07-10,150,3147005.0,4,False,0,1.984
d57be047-c5c4-4ed7-948c-a63b05b7ac49,2026-07-11,144,3021125.0,5,False,0,7.253
d57be047-c5c4-4ed7-948c-a63b05b7ac49,2026-07-12,138,2895245.0,6,False,0,2.984
d57be047-c5c4-4ed7-948c-a63b05b7ac49,2026-07-13,104,2181924.0,0,False,0,1.817
d57be047-c5c4-4ed7-948c-a63b05b7ac49,2026-07-14,106,2223884.0,1,False,0,4.18
d57be047-c5c4-4ed7-948c-a63b05b7ac49,2026-07-15,106,2223884.0,2,False,2,5.375
d57be047-c5c4-4ed7-948c-a63b05b7ac49,2026-07-16,116,2433684.0,3,False,1,4.781
d57be047-c5c4-4ed7-948c-a63b05b7ac49,2026-07-17,117,2454664.0,4,False,3,8.63
d57be047-c5c4-4ed7-948c-a63b05b7ac49,2026-07-18,177,3713466.0,5,False,2,0.574
d57be047-c5c4-4ed7-948c-a63b05b7ac49,2026-07-19,148,3105045.0,6,False,0,1.028
d57be047-c5c4-4ed7-948c-a63b05b7ac49,2026-07-20,103,2160944.0,0,False,1,2.083
d57be047-c5c4-4ed7-948c-a63b05b7ac49,2026-07-21,113,2370744.0,1,False,1,2.74
d57be047-c5c4-4ed7-948c-a63b05b7ac49,2026-07-22,113,2370744.0,2,False,1,4.009
d57be047-c5c4-4ed7-948c-a63b05b7ac49,2026-07-23,130,2727405.0,3,False,0,2.004
d57be047-c5c4-4ed7-948c-a63b05b7ac49,2026-07-24,117,2454664.0,4,False,3,8.506
d57be047-c5c4-4ed7-948c-a63b05b7ac49,2026-07-25,173,3629546.0,5,False,0,1.407
d57be047-c5c4-4ed7-948c-a63b05b7ac49,2026-07-26,153,3209946.0,6,False,0,0.0
d57be047-c5c4-4ed7-948c-a63b05b7ac49,2026-07-27,113,2370744.0,0,False,0,0.0
d57be047-c5c4-4ed7-948c-a63b05b7ac49,2026-07-28,123,2580544.0,1,False,0,0.624
d57be047-c5c4-4ed7-948c-a63b05b7ac49,2026-07-29,129,2706425.0,2,False,0,0.887
d57be047-c5c4-4ed7-948c-a63b05b7ac49,2026-07-30,124,2601524.0,3,False,1,3.136
d57be047-c5c4-4ed7-948c-a63b05b7ac49,2026-07-31,160,3356806.0,4,False,0,0.0
d57be047-c5c4-4ed7-948c-a63b05b7ac49,2026-08-01,161,3377786.0,5,False,1,3.778
d57be047-c5c4-4ed7-948c-a63b05b7ac49,2026-08-02,153,3209946.0,6,False,1,0.0
d57be047-c5c4-4ed7-948c-a63b05b7ac49,2026-08-03,113,2370744.0,0,False,0,0.0
d57be047-c5c4-4ed7-948c-a63b05b7ac49,2026-08-04,125,2622505.0,1,False,0,0.325
d57be047-c5c4-4ed7-948c-a63b05b7ac49,2026-08-05,133,2790345.0,2,False,0,0.0
d57be047-c5c4-4ed7-948c-a63b05b7ac49,2026-08-06,100,2098004.0,3,False,3,8.045
d57be047-c5c4-4ed7-948c-a63b05b7ac49,2026-08-07,154,3230926.0,4,False,0,1.101
d57be047-c5c4-4ed7-948c-a63b05b7ac49,2026-08-08,145,3042105.0,5,False,1,6.894
d57be047-c5c4-4ed7-948c-a63b05b7ac49,2026-08-09,150,3147005.0,6,False,0,0.602
d57be047-c5c4-4ed7-948c-a63b05b7ac49,2026-08-10,113,2370744.0,0,False,0,0.071
d57be047-c5c4-4ed7-948c-a63b05b7ac49,2026-08-11,93,1951143.0,1,False,3,6.731
d57be047-c5c4-4ed7-948c-a63b05b7ac49,2026-08-12,122,2559564.0,2,False,1,2.212
d57be047-c5c4-4ed7-948c-a63b05b7ac49,2026-08-13,123,2580544.0,3,False,1,3.316
d57be047-c5c4-4ed7-948c-a63b05b7ac49,2026-08-14,160,3356806.0,4,False,1,0.0
d57be047-c5c4-4ed7-948c-a63b05b7ac49,2026-08-15,163,3419746.0,5,False,0,3.347
d57be047-c5c4-4ed7-948c-a63b05b7ac49,2026-08-16,135,2832305.0,6,False,2,3.709
d57be047-c5c4-4ed7-948c-a63b05b7ac49,2026-08-17,113,2370744.0,0,True,3,0.0
d57be047-c5c4-4ed7-948c-a63b05b7ac49,2026-08-18,106,2223884.0,1,False,3,4.11
d57be047-c5c4-4ed7-948c-a63b05b7ac49,2026-08-19,101,2118984.0,2,False,3,6.369
d57be047-c5c4-4ed7-948c-a63b05b7ac49,2026-08-20,119,2496624.0,3,False,0,4.105
d57be047-c5c4-4ed7-948c-a63b05b7ac49,2026-08-21,156,3272886.0,4,False,2,0.822
d57be047-c5c4-4ed7-948c-a63b05b7ac49,2026-08-22,174,3650526.0,5,False,0,1.09
d57be047-c5c4-4ed7-948c-a63b05b7ac49,2026-08-23,132,2769365.0,6,False,3,4.217
d57be047-c5c4-4ed7-948c-a63b05b7ac49,2026-08-24,86,1804283.0,0,False,3,5.428
d57be047-c5c4-4ed7-948c-a63b05b7ac49,2026-08-25,127,2664465.0,1,True,0,0.0
d57be047-c5c4-4ed7-948c-a63b05b7ac49,2026-08-26,118,2475644.0,2,False,1,2.945
d57be047-c5c4-4ed7-948c-a63b05b7ac49,2026-08-27,133,2790345.0,3,False,3,1.32
d57be047-c5c4-4ed7-948c-a63b05b7ac49,2026-08-28,160,3356806.0,4,False,1,0.0
e4ee4ec9-d7d3-40f4-b858-98dd4c0a5bc9,2026-05-31,109,1700346.0,6,False,1,0.0
e4ee4ec9-d7d3-40f4-b858-98dd4c0a5bc9,2026-06-01,81,1263560.0,0,True,3,0.0
e4ee4ec9-d7d3-40f4-b858-98dd4c0a5bc9,2026-06-02,87,1357157.0,1,False,1,1.171
e4ee4ec9-d7d3-40f4-b858-98dd4c0a5bc9,2026-06-03,95,1481953.0,2,False,2,0.0
e4ee4ec9-d7d3-40f4-b858-98dd4c0a5bc9,2026-06-04,100,1559951.0,3,False,0,0.0
e4ee4ec9-d7d3-40f4-b858-98dd4c0a5bc9,2026-06-05,114,1778344.0,4,False,1,0.0
e4ee4ec9-d7d3-40f4-b858-98dd4c0a5bc9,2026-06-06,108,1684747.0,5,False,3,7.145
e4ee4ec9-d7d3-40f4-b858-98dd4c0a5bc9,2026-06-07,98,1528752.0,6,False,2,3.818
e4ee4ec9-d7d3-40f4-b858-98dd4c0a5bc9,2026-06-08,78,1216762.0,0,False,0,0.821
e4ee4ec9-d7d3-40f4-b858-98dd4c0a5bc9,2026-06-09,85,1325958.0,1,False,3,1.643
e4ee4ec9-d7d3-40f4-b858-98dd4c0a5bc9,2026-06-10,91,1419555.0,2,False,1,1.463
e4ee4ec9-d7d3-40f4-b858-98dd4c0a5bc9,2026-06-11,79,1232361.0,3,False,3,7.283
e4ee4ec9-d7d3-40f4-b858-98dd4c0a5bc9,2026-06-12,114,1778344.0,4,False,1,0.0
e4ee4ec9-d7d3-40f4-b858-98dd4c0a5bc9,2026-06-13,117,1825142.0,5,False,2,3.923
e4ee4ec9-d7d3-40f4-b858-98dd4c0a5bc9,2026-06-14,109,1700346.0,6,False,0,0.0
e4ee4ec9-d7d3-40f4-b858-98dd4c0a5bc9,2026-06-15,80,1247961.0,0,False,0,0.164
e4ee4ec9-d7d3-40f4-b858-98dd4c0a5bc9,2026-06-16,90,1403956.0,1,True,0,0.0
e4ee4ec9-d7d3-40f4-b858-98dd4c0a5bc9,2026-06-17,91,1419555.0,2,False,2,1.185
e4ee4ec9-d7d3-40f4-b858-98dd4c0a5bc9,2026-06-18,80,1247961.0,3,False,3,6.853
e4ee4ec9-d7d3-40f4-b858-98dd4c0a5bc9,2026-06-19,106,1653548.0,4,False,2,2.593
e4ee4ec9-d7d3-40f4-b858-98dd4c0a5bc9,2026-06-20,111,1731545.0,5,False,1,5.976
e4ee4ec9-d7d3-40f4-b858-98dd4c0a5bc9,2026-06-21,109,1700346.0,6,False,2,0.0
e4ee4ec9-d7d3-40f4-b858-98dd4c0a5bc9,2026-06-22,81,1263560.0,0,False,0,0.0
e4ee4ec9-d7d3-40f4-b858-98dd4c0a5bc9,2026-06-23,70,1091966.0,1,False,1,7.031
e4ee4ec9-d7d3-40f4-b858-98dd4c0a5bc9,2026-06-24,81,1263560.0,2,False,0,4.691
e4ee4ec9-d7d3-40f4-b858-98dd4c0a5bc9,2026-06-25,99,1544351.0,3,False,1,0.222
e4ee4ec9-d7d3-40f4-b858-98dd4c0a5bc9,2026-06-26,114,1778344.0,4,False,0,0.0
e4ee4ec9-d7d3-40f4-b858-98dd4c0a5bc9,2026-06-27,127,1981137.0,5,False,1,0.3
e4ee4ec9-d7d3-40f4-b858-98dd4c0a5bc9,2026-06-28,105,1637948.0,6,False,1,1.547
e4ee4ec9-d7d3-40f4-b858-98dd4c0a5bc9,2026-06-29,62,967169.0,0,False,3,6.377
e4ee4ec9-d7d3-40f4-b858-98dd4c0a5bc9,2026-06-30,90,1403956.0,1,False,0,0.0
e4ee4ec9-d7d3-40f4-b858-98dd4c0a5bc9,2026-07-01,95,1481953.0,2,False,0,0.0
e4ee4ec9-d7d3-40f4-b858-98dd4c0a5bc9,2026-07-02,100,1559951.0,3,False,1,0.0
e4ee4ec9-d7d3-40f4-b858-98dd4c0a5bc9,2026-07-03,114,1778344.0,4,False,1,0.0
e4ee4ec9-d7d3-40f4-b858-98dd4c0a5bc9,2026-07-04,116,1809543.0,5,False,3,4.243
e4ee4ec9-d7d3-40f4-b858-98dd4c0a5bc9,2026-07-05,98,1528752.0,6,False,2,3.77
e4ee4ec9-d7d3-40f4-b858-98dd4c0a5bc9,2026-07-06,71,1107565.0,0,False,0,3.302
e4ee4ec9-d7d3-40f4-b858-98dd4c0a5bc9,2026-07-07,90,1403956.0,1,False,0,0.0
e4ee4ec9-d7d3-40f4-b858-98dd4c0a5bc9,2026-07-08,93,1450754.0,2,False,0,0.744
e4ee4ec9-d7d3-40f4-b858-98dd4c0a5bc9,2026-07-09,91,1419555.0,3,False,0,3.16
e4ee4ec9-d7d3-40f4-b858-98dd4c0a5bc9,2026-07-10,101,1575550.0,4,False,2,4.596
e4ee4ec9-d7d3-40f4-b858-98dd4c0a5bc9,2026-07-11,114,1778344.0,5,False,1,5.006
e4ee4ec9-d7d3-40f4-b858-98dd4c0a5bc9,2026-07-12,89,1388356.0,6,False,0,6.964
e4ee4ec9-d7d3-40f4-b858-98dd4c0a5bc9,2026-07-13,71,1107565.0,0,False,1,3.206
e4ee4ec9-d7d3-40f4-b858-98dd4c0a5bc9,2026-07-14,77,1201162.0,1,False,0,4.445
e4ee4ec9-d7d3-40f4-b858-98dd4c0a5bc9,2026-07-15,92,1435155.0,2,False,0,1.168
e4ee4ec9-d7d3-40f4-b858-98dd4c0a5bc9,2026-07-16,93,1450754.0,3,False,1,2.204
e4ee4ec9-d7d3-40f4-b858-98dd4c0a5bc9,2026-07-17,110,1715946.0,4,False,0,1.267
e4ee4ec9-d7d3-40f4-b858-98dd4c0a5bc9,2026-07-18,109,1700346.0,5,False,3,6.778
e4ee4ec9-d7d3-40f4-b858-98dd4c0a5bc9,2026-07-19,98,1528752.0,6,False,1,3.867
e4ee4ec9-d7d3-40f4-b858-98dd4c0a5bc9,2026-07-20,81,1263560.0,0,False,0,0.0
e4ee4ec9-d7d3-40f4-b858-98dd4c0a5bc9,2026-07-21,89,1388356.0,1,False,1,0.262
e4ee4ec9-d7d3-40f4-b858-98dd4c0a5bc9,2026-07-22,85,1325958.0,2,False,1,3.372
e4ee4ec9-d7d3-40f4-b858-98dd4c0a5bc9,2026-07-23,81,1263560.0,3,False,3,6.659
e4ee4ec9-d7d3-40f4-b858-98dd4c0a5bc9,2026-07-24,104,1622349.0,4,False,0,3.439
e4ee4ec9-d7d3-40f4-b858-98dd4c0a5bc9,2026-07-25,128,1996737.0,5,False,0,0.0
e4ee4ec9-d7d3-40f4-b858-98dd4c0a5bc9,2026-07-26,100,1559951.0,6,False,0,3.059
e4ee4ec9-d7d3-40f4-b858-98dd4c0a5bc9,2026-07-27,75,1169963.0,0,False,1,1.888
e4ee4ec9-d7d3-40f4-b858-98dd4c0a5bc9,2026-07-28,90,1403956.0,1,False,1,0.0
e4ee4ec9-d7d3-40f4-b858-98dd4c0a5bc9,2026-07-29,95,1481953.0,2,False,0,0.0
e4ee4ec9-d7d3-40f4-b858-98dd4c0a5bc9,2026-07-30,92,1435155.0,3,False,0,2.492
e4ee4ec9-d7d3-40f4-b858-98dd4c0a5bc9,2026-07-31,107,1669147.0,4,False,0,2.372
e4ee4ec9-d7d3-40f4-b858-98dd4c0a5bc9,2026-08-01,122,1903140.0,5,False,0,1.947
e4ee4ec9-d7d3-40f4-b858-98dd4c0a5bc9,2026-08-02,102,1591150.0,6,False,0,2.464
e4ee4ec9-d7d3-40f4-b858-98dd4c0a5bc9,2026-08-03,81,1263560.0,0,False,2,0.0
e4ee4ec9-d7d3-40f4-b858-98dd4c0a5bc9,2026-08-04,90,1403956.0,1,False,1,0.0
e4ee4ec9-d7d3-40f4-b858-98dd4c0a5bc9,2026-08-05,95,1481953.0,2,False,0,0.0
e4ee4ec9-d7d3-40f4-b858-98dd4c0a5bc9,2026-08-06,91,1419555.0,3,False,0,2.983
e4ee4ec9-d7d3-40f4-b858-98dd4c0a5bc9,2026-08-07,113,1762744.0,4,False,0,0.239
e4ee4ec9-d7d3-40f4-b858-98dd4c0a5bc9,2026-08-08,119,1856341.0,5,False,2,3.01
e4ee4ec9-d7d3-40f4-b858-98dd4c0a5bc9,2026-08-09,95,1481953.0,6,False,0,5.063
e4ee4ec9-d7d3-40f4-b858-98dd4c0a5bc9,2026-08-10,70,1091966.0,0,False,0,3.852
e4ee4ec9-d7d3-40f4-b858-98dd4c0a5bc9,2026-08-11,90,1403956.0,1,False,0,0.0
e4ee4ec9-d7d3-40f4-b858-98dd4c0a5bc9,2026-08-12,78,1216762.0,2,False,3,5.99
e4ee4ec9-d7d3-40f4-b858-98dd4c0a5bc9,2026-08-13,87,1357157.0,3,False,3,4.534
e4ee4ec9-d7d3-40f4-b858-98dd4c0a5bc9,2026-08-14,106,1653548.0,4,False,0,2.731
e4ee4ec9-d7d3-40f4-b858-98dd4c0a5bc9,2026-08-15,119,1856341.0,5,False,3,3.282
e4ee4ec9-d7d3-40f4-b858-98dd4c0a5bc9,2026-08-16,85,1325958.0,6,False,3,8.425
e4ee4ec9-d7d3-40f4-b858-98dd4c0a5bc9,2026-08-17,81,1263560.0,0,True,1,0.0
e4ee4ec9-d7d3-40f4-b858-98dd4c0a5bc9,2026-08-18,90,1403956.0,1,False,0,0.0
e4ee4ec9-d7d3-40f4-b858-98dd4c0a5bc9,2026-08-19,85,1325958.0,2,False,0,3.423
e4ee4ec9-d7d3-40f4-b858-98dd4c0a5bc9,2026-08-20,89,1388356.0,3,False,1,3.67
e4ee4ec9-d7d3-40f4-b858-98dd4c0a5bc9,2026-08-21,98,1528752.0,4,False,3,5.392
e4ee4ec9-d7d3-40f4-b858-98dd4c0a5bc9,2026-08-22,101,1575550.0,5,False,2,9.493
e4ee4ec9-d7d3-40f4-b858-98dd4c0a5bc9,2026-08-23,104,1622349.0,6,False,1,1.702
e4ee4ec9-d7d3-40f4-b858-98dd4c0a5bc9,2026-08-24,76,1185563.0,0,False,0,1.695
e4ee4ec9-d7d3-40f4-b858-98dd4c0a5bc9,2026-08-25,90,1403956.0,1,True,0,0.0
e4ee4ec9-d7d3-40f4-b858-98dd4c0a5bc9,2026-08-26,86,1341558.0,2,False,0,3.212
e4ee4ec9-d7d3-40f4-b858-98dd4c0a5bc9,2026-08-27,100,1559951.0,3,False,1,0.0
e4ee4ec9-d7d3-40f4-b858-98dd4c0a5bc9,2026-08-28,114,1778344.0,4,False,0,0.0
f6d844b6-95fa-4933-bf27-70d108a17154,2026-05-31,83,1659773.0,6,False,1,3.442
f6d844b6-95fa-4933-bf27-70d108a17154,2026-06-01,74,1479797.0,0,True,1,0.0
f6d844b6-95fa-4933-bf27-70d108a17154,2026-06-02,75,1499795.0,1,False,0,1.435
f6d844b6-95fa-4933-bf27-70d108a17154,2026-06-03,78,1559786.0,2,False,0,1.804
f6d844b6-95fa-4933-bf27-70d108a17154,2026-06-04,91,1819751.0,3,False,0,0.0
f6d844b6-95fa-4933-bf27-70d108a17154,2026-06-05,96,1919737.0,4,False,0,1.679
f6d844b6-95fa-4933-bf27-70d108a17154,2026-06-06,105,2099712.0,5,False,0,2.425
f6d844b6-95fa-4933-bf27-70d108a17154,2026-06-07,71,1419806.0,6,False,3,5.647
f6d844b6-95fa-4933-bf27-70d108a17154,2026-06-08,61,1219833.0,0,False,1,2.551
f6d844b6-95fa-4933-bf27-70d108a17154,2026-06-09,70,1399808.0,1,False,0,2.475
f6d844b6-95fa-4933-bf27-70d108a17154,2026-06-10,67,1339817.0,2,False,1,3.968
f6d844b6-95fa-4933-bf27-70d108a17154,2026-06-11,73,1459800.0,3,False,0,3.667
f6d844b6-95fa-4933-bf27-70d108a17154,2026-06-12,90,1799754.0,4,False,0,2.761
f6d844b6-95fa-4933-bf27-70d108a17154,2026-06-13,111,2219696.0,5,False,1,1.265
f6d844b6-95fa-4933-bf27-70d108a17154,2026-06-14,88,1759759.0,6,False,1,2.438
f6d844b6-95fa-4933-bf27-70d108a17154,2026-06-15,74,1479797.0,0,False,0,0.0
f6d844b6-95fa-4933-bf27-70d108a17154,2026-06-16,81,1619778.0,1,True,0,0.373
f6d844b6-95fa-4933-bf27-70d108a17154,2026-06-17,72,1439803.0,2,False,2,2.975
f6d844b6-95fa-4933-bf27-70d108a17154,2026-06-18,60,1199836.0,3,False,3,6.208
f6d844b6-95fa-4933-bf27-70d108a17154,2026-06-19,88,1759759.0,4,False,0,3.205
f6d844b6-95fa-4933-bf27-70d108a17154,2026-06-20,108,2159704.0,5,False,0,1.716
f6d844b6-95fa-4933-bf27-70d108a17154,2026-06-21,93,1859745.0,6,False,2,1.363
f6d844b6-95fa-4933-bf27-70d108a17154,2026-06-22,66,1319819.0,0,False,1,1.604
f6d844b6-95fa-4933-bf27-70d108a17154,2026-06-23,69,1379811.0,1,False,0,2.755
f6d844b6-95fa-4933-bf27-70d108a17154,2026-06-24,74,1479797.0,2,False,0,2.535
f6d844b6-95fa-4933-bf27-70d108a17154,2026-06-25,79,1579784.0,3,False,2,2.473
f6d844b6-95fa-4933-bf27-70d108a17154,2026-06-26,104,2079715.0,4,False,1,0.0
f6d844b6-95fa-4933-bf27-70d108a17154,2026-06-27,89,1779756.0,5,False,1,5.569
f6d844b6-95fa-4933-bf27-70d108a17154,2026-06-28,89,1779756.0,6,False,2,2.209
f6d844b6-95fa-4933-bf27-70d108a17154,2026-06-29,69,1379811.0,0,False,2,0.994
f6d844b6-95fa-4933-bf27-70d108a17154,2026-06-30,79,1579784.0,1,False,0,0.73
f6d844b6-95fa-4933-bf27-70d108a17154,2026-07-01,74,1479797.0,2,False,3,2.6
f6d844b6-95fa-4933-bf27-70d108a17154,2026-07-02,86,1719764.0,3,False,1,1.028
f6d844b6-95fa-4933-bf27-70d108a17154,2026-07-03,99,1979729.0,4,False,1,1.07
f6d844b6-95fa-4933-bf27-70d108a17154,2026-07-04,117,2339680.0,5,False,0,0.0
f6d844b6-95fa-4933-bf27-70d108a17154,2026-07-05,86,1719764.0,6,False,3,2.775
f6d844b6-95fa-4933-bf27-70d108a17154,2026-07-06,61,1219833.0,0,False,0,2.554
f6d844b6-95fa-4933-bf27-70d108a17154,2026-07-07,61,1219833.0,1,False,1,4.268
f6d844b6-95fa-4933-bf27-70d108a17154,2026-07-08,70,1399808.0,2,False,1,3.315
f6d844b6-95fa-4933-bf27-70d108a17154,2026-07-09,83,1659773.0,3,False,0,1.518
f6d844b6-95fa-4933-bf27-70d108a17154,2026-07-10,84,1679770.0,4,False,0,3.955
f6d844b6-95fa-4933-bf27-70d108a17154,2026-07-11,107,2139707.0,5,False,2,2.058
f6d844b6-95fa-4933-bf27-70d108a17154,2026-07-12,75,1499795.0,6,False,0,4.957
f6d844b6-95fa-4933-bf27-70d108a17154,2026-07-13,73,1459800.0,0,False,0,0.065
f6d844b6-95fa-4933-bf27-70d108a17154,2026-07-14,65,1299822.0,1,False,0,3.417
f6d844b6-95fa-4933-bf27-70d108a17154,2026-07-15,67,1339817.0,2,False,2,3.851
f6d844b6-95fa-4933-bf27-70d108a17154,2026-07-16,72,1439803.0,3,False,0,3.767
f6d844b6-95fa-4933-bf27-70d108a17154,2026-07-17,76,1519792.0,4,False,3,5.607
f6d844b6-95fa-4933-bf27-70d108a17154,2026-07-18,98,1959732.0,5,False,1,3.861
f6d844b6-95fa-4933-bf27-70d108a17154,2026-07-19,90,1799754.0,6,False,0,1.861
f6d844b6-95fa-4933-bf27-70d108a17154,2026-07-20,58,1159841.0,0,False,0,3.072
f6d844b6-95fa-4933-bf27-70d108a17154,2026-07-21,67,1339817.0,1,False,1,3.036
f6d844b6-95fa-4933-bf27-70d108a17154,2026-07-22,76,1519792.0,2,False,1,2.104
f6d844b6-95fa-4933-bf27-70d108a17154,2026-07-23,73,1459800.0,3,False,1,3.521
f6d844b6-95fa-4933-bf27-70d108a17154,2026-07-24,77,1539789.0,4,False,0,5.478
f6d844b6-95fa-4933-bf27-70d108a17154,2026-07-25,117,2339680.0,5,False,2,0.0
f6d844b6-95fa-4933-bf27-70d108a17154,2026-07-26,78,1559786.0,6,False,3,4.361
f6d844b6-95fa-4933-bf27-70d108a17154,2026-07-27,68,1359814.0,0,False,1,1.113
f6d844b6-95fa-4933-bf27-70d108a17154,2026-07-28,74,1479797.0,1,False,1,1.605
f6d844b6-95fa-4933-bf27-70d108a17154,2026-07-29,87,1739762.0,2,False,0,0.0
f6d844b6-95fa-4933-bf27-70d108a17154,2026-07-30,71,1419806.0,3,False,1,3.976
f6d844b6-95fa-4933-bf27-70d108a17154,2026-07-31,98,1959732.0,4,False,0,1.201
f6d844b6-95fa-4933-bf27-70d108a17154,2026-08-01,112,2239693.0,5,False,0,1.036
f6d844b6-95fa-4933-bf27-70d108a17154,2026-08-02,96,1919737.0,6,False,0,0.825
f6d844b6-95fa-4933-bf27-70d108a17154,2026-08-03,65,1299822.0,0,False,1,1.759
f6d844b6-95fa-4933-bf27-70d108a17154,2026-08-04,58,1159841.0,1,False,3,4.83
f6d844b6-95fa-4933-bf27-70d108a17154,2026-08-05,63,1259827.0,2,False,3,4.656
f6d844b6-95fa-4933-bf27-70d108a17154,2026-08-06,84,1679770.0,3,False,0,1.347
f6d844b6-95fa-4933-bf27-70d108a17154,2026-08-07,88,1759759.0,4,False,0,3.134
f6d844b6-95fa-4933-bf27-70d108a17154,2026-08-08,109,2179702.0,5,False,0,1.534
f6d844b6-95fa-4933-bf27-70d108a17154,2026-08-09,80,1599781.0,6,False,2,3.975
f6d844b6-95fa-4933-bf27-70d108a17154,2026-08-10,62,1239830.0,0,False,0,2.325
f6d844b6-95fa-4933-bf27-70d108a17154,2026-08-11,65,1299822.0,1,False,1,3.462
f6d844b6-95fa-4933-bf27-70d108a17154,2026-08-12,75,1499795.0,2,False,1,2.352
f6d844b6-95fa-4933-bf27-70d108a17154,2026-08-13,83,1659773.0,3,False,1,1.522
f6d844b6-95fa-4933-bf27-70d108a17154,2026-08-14,82,1639775.0,4,False,0,4.352
f6d844b6-95fa-4933-bf27-70d108a17154,2026-08-15,86,1719764.0,5,False,0,6.15
f6d844b6-95fa-4933-bf27-70d108a17154,2026-08-16,76,1519792.0,6,False,1,4.69
f6d844b6-95fa-4933-bf27-70d108a17154,2026-08-17,74,1479797.0,0,True,0,0.0
f6d844b6-95fa-4933-bf27-70d108a17154,2026-08-18,72,1439803.0,1,False,0,2.1
f6d844b6-95fa-4933-bf27-70d108a17154,2026-08-19,66,1319819.0,2,False,3,4.154
f6d844b6-95fa-4933-bf27-70d108a17154,2026-08-20,74,1479797.0,3,False,2,3.38
f6d844b6-95fa-4933-bf27-70d108a17154,2026-08-21,78,1559786.0,4,False,0,5.227
f6d844b6-95fa-4933-bf27-70d108a17154,2026-08-22,97,1939734.0,5,False,1,4.115
f6d844b6-95fa-4933-bf27-70d108a17154,2026-08-23,88,1759759.0,6,False,1,2.313
f6d844b6-95fa-4933-bf27-70d108a17154,2026-08-24,56,1119847.0,0,False,1,3.6
f6d844b6-95fa-4933-bf27-70d108a17154,2026-08-25,78,1559786.0,1,True,1,0.781
f6d844b6-95fa-4933-bf27-70d108a17154,2026-08-26,81,1619778.0,2,False,3,1.131
f6d844b6-95fa-4933-bf27-70d108a17154,2026-08-27,76,1519792.0,3,False,0,3.0
f6d844b6-95fa-4933-bf27-70d108a17154,2026-08-28,86,1719764.0,4,False,3,3.694
feb3b93f-b163-4a00-9798-815a285003b2,2026-05-31,81,1335501.0,6,False,0,0.784
feb3b93f-b163-4a00-9798-815a285003b2,2026-06-01,61,1005748.0,0,True,2,0.0
feb3b93f-b163-4a00-9798-815a285003b2,2026-06-02,64,1055211.0,1,False,1,1.416
feb3b93f-b163-4a00-9798-815a285003b2,2026-06-03,72,1187112.0,2,False,1,0.0
feb3b93f-b163-4a00-9798-815a285003b2,2026-06-04,73,1203600.0,3,False,1,1.076
feb3b93f-b163-4a00-9798-815a285003b2,2026-06-05,87,1434427.0,4,False,1,0.0
feb3b93f-b163-4a00-9798-815a285003b2,2026-06-06,79,1302526.0,5,False,1,6.426
feb3b93f-b163-4a00-9798-815a285003b2,2026-06-07,57,939797.0,6,False,3,9.241
feb3b93f-b163-4a00-9798-815a285003b2,2026-06-08,48,791408.0,0,False,3,4.809
feb3b93f-b163-4a00-9798-815a285003b2,2026-06-09,55,906822.0,1,False,0,4.771
feb3b93f-b163-4a00-9798-815a285003b2,2026-06-10,58,956285.0,2,False,0,4.829
feb3b93f-b163-4a00-9798-815a285003b2,2026-06-11,62,1022235.0,3,False,1,4.905
feb3b93f-b163-4a00-9798-815a285003b2,2026-06-12,74,1220087.0,4,False,1,4.531
feb3b93f-b163-4a00-9798-815a285003b2,2026-06-13,93,1533353.0,5,False,2,1.467
feb3b93f-b163-4a00-9798-815a285003b2,2026-06-14,64,1055211.0,6,False,3,6.559
feb3b93f-b163-4a00-9798-815a285003b2,2026-06-15,55,906822.0,0,False,0,2.248
feb3b93f-b163-4a00-9798-815a285003b2,2026-06-16,69,1137649.0,1,True,2,0.0
feb3b93f-b163-4a00-9798-815a285003b2,2026-06-17,62,1022235.0,2,False,1,3.657
feb3b93f-b163-4a00-9798-815a285003b2,2026-06-18,62,1022235.0,3,False,1,4.867
feb3b93f-b163-4a00-9798-815a285003b2,2026-06-19,86,1417939.0,4,False,0,0.217
feb3b93f-b163-4a00-9798-815a285003b2,2026-06-20,97,1599304.0,5,False,0,0.257
feb3b93f-b163-4a00-9798-815a285003b2,2026-06-21,74,1220087.0,6,False,1,2.962
feb3b93f-b163-4a00-9798-815a285003b2,2026-06-22,47,774920.0,0,False,3,4.978
feb3b93f-b163-4a00-9798-815a285003b2,2026-06-23,64,1055211.0,1,False,1,1.591
feb3b93f-b163-4a00-9798-815a285003b2,2026-06-24,66,1088186.0,2,False,2,1.996
feb3b93f-b163-4a00-9798-815a285003b2,2026-06-25,63,1038723.0,3,False,1,4.463
feb3b93f-b163-4a00-9798-815a285003b2,2026-06-26,81,1335501.0,4,False,2,1.965
feb3b93f-b163-4a00-9798-815a285003b2,2026-06-27,97,1599304.0,5,False,1,0.0
feb3b93f-b163-4a00-9798-815a285003b2,2026-06-28,75,1236575.0,6,False,0,2.851
feb3b93f-b163-4a00-9798-815a285003b2,2026-06-29,61,1005748.0,0,False,1,0.0
feb3b93f-b163-4a00-9798-815a285003b2,2026-06-30,53,873846.0,1,False,3,5.488
feb3b93f-b163-4a00-9798-815a285003b2,2026-07-01,72,1187112.0,2,False,0,0.0
feb3b93f-b163-4a00-9798-815a285003b2,2026-07-02,76,1253063.0,3,False,0,0.0
feb3b93f-b163-4a00-9798-815a285003b2,2026-07-03,87,1434427.0,4,False,2,0.0
feb3b93f-b163-4a00-9798-815a285003b2,2026-07-04,97,1599304.0,5,False,0,0.0
feb3b93f-b163-4a00-9798-815a285003b2,2026-07-05,83,1368476.0,6,False,0,0.0
feb3b93f-b163-4a00-9798-815a285003b2,2026-07-06,47,774920.0,0,False,3,5.011
feb3b93f-b163-4a00-9798-815a285003b2,2026-07-07,53,873846.0,1,False,3,5.563
feb3b93f-b163-4a00-9798-815a285003b2,2026-07-08,64,1055211.0,2,False,0,2.94
feb3b93f-b163-4a00-9798-815a285003b2,2026-07-09,60,989260.0,3,False,0,5.492
feb3b93f-b163-4a00-9798-815a285003b2,2026-07-10,80,1319013.0,4,False,2,2.327
feb3b93f-b163-4a00-9798-815a285003b2,2026-07-11,79,1302526.0,5,False,0,6.611
feb3b93f-b163-4a00-9798-815a285003b2,2026-07-12,72,1187112.0,6,False,1,3.695
feb3b93f-b163-4a00-9798-815a285003b2,2026-07-13,58,956285.0,0,False,2,1.242
feb3b93f-b163-4a00-9798-815a285003b2,2026-07-14,57,939797.0,1,False,1,3.985
feb3b93f-b163-4a00-9798-815a285003b2,2026-07-15,72,1187112.0,2,False,1,0.111
feb3b93f-b163-4a00-9798-815a285003b2,2026-07-16,58,956285.0,3,False,1,6.145
feb3b93f-b163-4a00-9798-815a285003b2,2026-07-17,73,1203600.0,4,False,0,4.626
feb3b93f-b163-4a00-9798-815a285003b2,2026-07-18,82,1351989.0,5,False,0,5.311
feb3b93f-b163-4a00-9798-815a285003b2,2026-07-19,77,1269550.0,6,False,1,1.931
feb3b93f-b163-4a00-9798-815a285003b2,2026-07-20,50,824383.0,0,False,2,3.81
feb3b93f-b163-4a00-9798-815a285003b2,2026-07-21,58,956285.0,1,False,3,3.563
feb3b93f-b163-4a00-9798-815a285003b2,2026-07-22,69,1137649.0,2,False,1,0.941
feb3b93f-b163-4a00-9798-815a285003b2,2026-07-23,66,1088186.0,3,False,1,3.56
feb3b93f-b163-4a00-9798-815a285003b2,2026-07-24,79,1302526.0,4,False,2,2.562
feb3b93f-b163-4a00-9798-815a285003b2,2026-07-25,90,1483890.0,5,False,0,2.653
feb3b93f-b163-4a00-9798-815a285003b2,2026-07-26,78,1286038.0,6,False,2,1.881
feb3b93f-b163-4a00-9798-815a285003b2,2026-07-27,61,1005748.0,0,False,1,0.0
feb3b93f-b163-4a00-9798-815a285003b2,2026-07-28,69,1137649.0,1,False,0,0.0
feb3b93f-b163-4a00-9798-815a285003b2,2026-07-29,72,1187112.0,2,False,3,0.0
feb3b93f-b163-4a00-9798-815a285003b2,2026-07-30,74,1220087.0,3,False,1,0.586
feb3b93f-b163-4a00-9798-815a285003b2,2026-07-31,87,1434427.0,4,False,1,0.0
feb3b93f-b163-4a00-9798-815a285003b2,2026-08-01,97,1599304.0,5,False,1,0.0
feb3b93f-b163-4a00-9798-815a285003b2,2026-08-02,83,1368476.0,6,False,1,0.0
feb3b93f-b163-4a00-9798-815a285003b2,2026-08-03,61,1005748.0,0,False,1,0.195
feb3b93f-b163-4a00-9798-815a285003b2,2026-08-04,68,1121161.0,1,False,2,0.251
feb3b93f-b163-4a00-9798-815a285003b2,2026-08-05,72,1187112.0,2,False,2,0.0
feb3b93f-b163-4a00-9798-815a285003b2,2026-08-06,62,1022235.0,3,False,0,4.671
feb3b93f-b163-4a00-9798-815a285003b2,2026-08-07,78,1286038.0,4,False,0,3.034
feb3b93f-b163-4a00-9798-815a285003b2,2026-08-08,82,1351989.0,5,False,3,5.244
feb3b93f-b163-4a00-9798-815a285003b2,2026-08-09,83,1368476.0,6,False,2,0.099
feb3b93f-b163-4a00-9798-815a285003b2,2026-08-10,51,840871.0,0,False,0,3.649
feb3b93f-b163-4a00-9798-815a285003b2,2026-08-11,59,972772.0,1,False,0,3.23
feb3b93f-b163-4a00-9798-815a285003b2,2026-08-12,69,1137649.0,2,False,1,1.104
feb3b93f-b163-4a00-9798-815a285003b2,2026-08-13,69,1137649.0,3,False,1,2.45
feb3b93f-b163-4a00-9798-815a285003b2,2026-08-14,75,1236575.0,4,False,1,4.187
feb3b93f-b163-4a00-9798-815a285003b2,2026-08-15,81,1335501.0,5,False,0,5.612
feb3b93f-b163-4a00-9798-815a285003b2,2026-08-16,82,1351989.0,6,False,0,0.279
feb3b93f-b163-4a00-9798-815a285003b2,2026-08-17,61,1005748.0,0,True,0,0.0
feb3b93f-b163-4a00-9798-815a285003b2,2026-08-18,69,1137649.0,1,False,1,0.0
feb3b93f-b163-4a00-9798-815a285003b2,2026-08-19,70,1154137.0,2,False,1,0.852
feb3b93f-b163-4a00-9798-815a285003b2,2026-08-20,67,1104674.0,3,False,0,2.965
feb3b93f-b163-4a00-9798-815a285003b2,2026-08-21,69,1137649.0,4,False,0,5.992
feb3b93f-b163-4a00-9798-815a285003b2,2026-08-22,93,1533353.0,5,False,1,1.647
feb3b93f-b163-4a00-9798-815a285003b2,2026-08-23,72,1187112.0,6,False,2,3.778
feb3b93f-b163-4a00-9798-815a285003b2,2026-08-24,52,857359.0,0,False,1,3.351
feb3b93f-b163-4a00-9798-815a285003b2,2026-08-25,69,1137649.0,1,True,2,0.0
feb3b93f-b163-4a00-9798-815a285003b2,2026-08-26,71,1170624.0,2,False,2,0.354
feb3b93f-b163-4a00-9798-815a285003b2,2026-08-27,72,1187112.0,3,False,1,1.174
feb3b93f-b163-4a00-9798-815a285003b2,2026-08-28,82,1351989.0,4,False,1,1.566
